作者關鍵字,書名,年份,來源出版物名稱,施引文獻,DOI,連結,文獻類型,來源出版物
"Sauer F., Xie J., Ma K.-L.","A Combined Eulerian-Lagrangian Data Representation for Large-Scale Applications",2017,"IEEE Transactions on Visualization and Computer Graphics",,10.1109/TVCG.2016.2620975,"https://www.scopus.com/inward/record.uri?eid=2-s2.0-85029184744&doi=10.1109%2fTVCG.2016.2620975&partnerID=40&md5=2b50bb13776cedb09c65db272490ff59",Article,Scopus
"Li J.K., Mubarak M., Ross R.B., Carothers C.D., Ma K.-L.","Visual Analytics Techniques for Exploring the Design Space of Large-Scale High-Radix Networks",2017,"Proceedings - IEEE International Conference on Cluster Computing, ICCC",,10.1109/CLUSTER.2017.26,"https://www.scopus.com/inward/record.uri?eid=2-s2.0-85032644966&doi=10.1109%2fCLUSTER.2017.26&partnerID=40&md5=2ec03c4946f52ae945c6ea0d6d43d7b1",Conference Paper,Scopus
"Chou J.-K., Bryan C., Ma K.-L.","Privacy preserving visualization for social network data with ontology information",2017,"IEEE Pacific Visualization Symposium",1,10.1109/PACIFICVIS.2017.8031573,"https://www.scopus.com/inward/record.uri?eid=2-s2.0-85030680508&doi=10.1109%2fPACIFICVIS.2017.8031573&partnerID=40&md5=a824c4be3eb6e96bfc836a536ad3ba02",Conference Paper,Scopus
"Huang Y.-J., Fujiwara T., Lin Y.-X., Lin W.-C., Ma K.-L.","A gesture system for graph visualization in virtual reality environments",2017,"IEEE Pacific Visualization Symposium",,10.1109/PACIFICVIS.2017.8031577,"https://www.scopus.com/inward/record.uri?eid=2-s2.0-85032009974&doi=10.1109%2fPACIFICVIS.2017.8031577&partnerID=40&md5=bbca66af812badd9b67af3cfe9a7f2bd",Conference Paper,Scopus
"Fujiwara T., Chou J.-K., McCullough A.M., Ranganath C., Ma K.-L.","A visual analytics system for brain functional connectivity comparison across individuals, groups, and time points",2017,"IEEE Pacific Visualization Symposium",1,10.1109/PACIFICVIS.2017.8031601,"https://www.scopus.com/inward/record.uri?eid=2-s2.0-85032033133&doi=10.1109%2fPACIFICVIS.2017.8031601&partnerID=40&md5=62dcec1eaa94eb6b75b1542943e30cc3",Conference Paper,Scopus
"Wang X., Chou J., Chen W., Guan H., Chen W., Lao T., Ma K.","A Utility-aware Visual Approach for Anonymizing Multi-attribute Tabular Data",2017,"IEEE Transactions on Visualization and Computer Graphics",,10.1109/TVCG.2017.2745139,"https://www.scopus.com/inward/record.uri?eid=2-s2.0-85028729336&doi=10.1109%2fTVCG.2017.2745139&partnerID=40&md5=81a2a434f2f2e5927934d074146f80f4",Article in Press,Scopus
"Kwon O., Crnovrsanin T., Ma K.","What Would a Graph Look Like in This Layout? A Machine Learning Approach to Large Graph Visualization",2017,"IEEE Transactions on Visualization and Computer Graphics",,10.1109/TVCG.2017.2743858,"https://www.scopus.com/inward/record.uri?eid=2-s2.0-85028724487&doi=10.1109%2fTVCG.2017.2743858&partnerID=40&md5=8b2703645f7df71349b1d2d30f85723f",Article in Press,Scopus
"Zeng W., Fu C.-W., Arisona S.M., Schubiger S., Burkhard R., Ma K.-L.","Visualizing the Relationship Between Human Mobility and Points of Interest",2017,"IEEE Transactions on Intelligent Transportation Systems",,10.1109/TITS.2016.2639320,"https://www.scopus.com/inward/record.uri?eid=2-s2.0-85009892083&doi=10.1109%2fTITS.2016.2639320&partnerID=40&md5=6a7d6f6511511f5ca6e793fb616972b5",Article,Scopus
"Zheng L., Ma K.-L.","Enhancing volume visualization with lightness anchoring theory",2017,"ACM International Conference Proceeding Series",,10.1145/3095140.3095160,"https://www.scopus.com/inward/record.uri?eid=2-s2.0-85025441362&doi=10.1145%2f3095140.3095160&partnerID=40&md5=ef8dc2e18011741eb7dc4f839aa3623e",Conference Paper,Scopus
"Chu J., Bryan C., Shih M., Ferrer L., Ma K.-L.","Navigable videos for presenting scientific data on affordable head-mounted displays",2017,"Proceedings of the 8th ACM Multimedia Systems Conference, MMSys 2017",,10.1145/3083187.3084015,"https://www.scopus.com/inward/record.uri?eid=2-s2.0-85025606846&doi=10.1145%2f3083187.3084015&partnerID=40&md5=f731c6e6b8e2df8d79c503cd183547ba",Conference Paper,Scopus
"Sauer F., Ma K.-L.","Spatio-temporal feature exploration in combined particle/volume reference frames",2017,"IEEE Transactions on Visualization and Computer Graphics",,10.1109/TVCG.2017.2674918,"https://www.scopus.com/inward/record.uri?eid=2-s2.0-85018929463&doi=10.1109%2fTVCG.2017.2674918&partnerID=40&md5=ce78ca377821e88c79d781e23e389ef0",Article,Scopus
"Nagao K., Ye Y., Wang C., Fujishiro I., Ma K.-L.","Enabling interactive scientific data visualization and analysis with see-through hmds and a large tiled display",2017,"2016 Workshop on Immersive Analytics, IA 2016",,10.1109/IMMERSIVE.2016.7932374,"https://www.scopus.com/inward/record.uri?eid=2-s2.0-85025589674&doi=10.1109%2fIMMERSIVE.2016.7932374&partnerID=40&md5=31acc435d8b200a1c6d407eddbcf9758",Conference Paper,Scopus
"Shih M., Rizzi S., Insley J., Uram T., Vishwanath V., Hereld M., Papka M.E., Ma K.-L.","Parallel distributed, GPU-Accelerated, advanced lighting calculations for large-scale volume visualization",2017,"IEEE Symposium on Large Data Analysis and Visualization 2016, LDAV 2016 - Proceedings",1,10.1109/LDAV.2016.7874309,"https://www.scopus.com/inward/record.uri?eid=2-s2.0-85015389243&doi=10.1109%2fLDAV.2016.7874309&partnerID=40&md5=d3f42800c032d3266ae6e046e1167229",Conference Paper,Scopus
"Ye Y.C., Neuroth T., Sauer F., Ma K.-L., Borghesi G., Konduri A., Kolla H., Chen J.","In situ generated probability distribution functions for interactive post hoc visualization and analysis",2017,"IEEE Symposium on Large Data Analysis and Visualization 2016, LDAV 2016 - Proceedings",,10.1109/LDAV.2016.7874311,"https://www.scopus.com/inward/record.uri?eid=2-s2.0-85017207189&doi=10.1109%2fLDAV.2016.7874311&partnerID=40&md5=ae1156088efd15f77e6236dfb44bae7e",Conference Paper,Scopus
"Ross C., Carothers C.D., Mubarak M., Carns P., Ross R., Li J.K., Ma K.-L.","Visual data-analytics of large-scale parallel discrete-event simulations",2017,"Proceedings of PMBS 2016: 7th International Workshop on Performance Modeling, Benchmarking and Simulation of High Performance Computing Systems - Held in conjunction with SC 2016: The International Conference for High Performance Computing, Networking, Storage and Analysis",,10.1109/PMBS.2016.014,"https://www.scopus.com/inward/record.uri?eid=2-s2.0-85015147166&doi=10.1109%2fPMBS.2016.014&partnerID=40&md5=ca497a2a625785fc69638f3d8a525175",Conference Paper,Scopus
"Nguyen H.T., Wei L., Bhatele A., Gamblin T., Boehme D., Schulz M., Ma K.-L., Bremer P.-T.","VIPACT: A visualization interface for analyzing calling context trees",2017,"Proceedings of VPA 2016: 3rd Workshop on Visual Performance Analysis - Held in conjunction with SC 2016: The International Conference for High Performance Computing, Networking, Storage and Analysis",,10.1109/VPA.2016.9,"https://www.scopus.com/inward/record.uri?eid=2-s2.0-85015217935&doi=10.1109%2fVPA.2016.9&partnerID=40&md5=627e6d0257824bf52d724ac91aa6f61f",Conference Paper,Scopus
"Muelder C.W., Faris R., Ma K.-L.","A visual analytics approach to author name disambiguation",2016,"Proceedings - 3rd IEEE/ACM International Conference on Big Data Computing, Applications and Technologies, BDCAT 2016",,10.1145/3006299.3006302,"https://www.scopus.com/inward/record.uri?eid=2-s2.0-85013212274&doi=10.1145%2f3006299.3006302&partnerID=40&md5=4f0ec80385a9a266f04912728a9bc0ca",Conference Paper,Scopus
"Chou J.-K., Wang Y., Ma K.-L.","Privacy preserving event sequence data visualization using a sankey diagram-like representation",2016,"SA 2016 - SIGGRAPH ASIA 2016 Symposium on Visualization",2,10.1145/3002151.3002153,"https://www.scopus.com/inward/record.uri?eid=2-s2.0-85006944177&doi=10.1145%2f3002151.3002153&partnerID=40&md5=de5cbbb44da888b440cc0b9c1b69c7c6",Conference Paper,Scopus
"Igouchkine O., Leaf N., Ma K.-L.","Volume rendering dark matter simulations using cell projection and order-independent transparency",2016,"SA 2016 - SIGGRAPH ASIA 2016 Symposium on Visualization",1,10.1145/3002151.3002163,"https://www.scopus.com/inward/record.uri?eid=2-s2.0-85006892859&doi=10.1145%2f3002151.3002163&partnerID=40&md5=4c26801d8e087d6f5c274334baf8ebe8",Conference Paper,Scopus
"Zeng W., Fu C.-W., Arisona S.M., Schubiger S., Burkhard R., Ma K.-L.","A visual analytics design for studying crowd movement rhythms from public transportation data",2016,"SA 2016 - SIGGRAPH ASIA 2016 Symposium on Visualization",,10.1145/3002151.3002152,"https://www.scopus.com/inward/record.uri?eid=2-s2.0-85006886597&doi=10.1145%2f3002151.3002152&partnerID=40&md5=b197d34f986b906f31d0aeecb199ddf8",Conference Paper,Scopus
"Sauer F., Neuroth T., Chu J., Ma K.-L.","Audience-Targeted Design Considerations for Effective Scientific Storytelling",2016,"Computing in Science and Engineering",,10.1109/MCSE.2016.100,"https://www.scopus.com/inward/record.uri?eid=2-s2.0-84994803300&doi=10.1109%2fMCSE.2016.100&partnerID=40&md5=5e1def91a133fdbdc5bd578c674a81cd",Article,Scopus
"Tanahashi Y., Leaf N., Ma K.-L.","A Study On Designing Effective Introductory Materials for Information Visualization",2016,"Computer Graphics Forum",1,10.1111/cgf.13009,"https://www.scopus.com/inward/record.uri?eid=2-s2.0-84992554962&doi=10.1111%2fcgf.13009&partnerID=40&md5=1994098047addad1f8a730b0076ca93a",Article,Scopus
"Wang C., Chou J.-K., Ma K.-L., Karsai A., Liu Y.X., Ogorodnik E., Tran V., Liu G.-Y.","An interactive visual analysis tool for cellular behavior studies using large collections of microscopy videos",2016,"Proceedings - 2016 IEEE 2nd International Conference on Multimedia Big Data, BigMM 2016",,10.1109/BigMM.2016.67,"https://www.scopus.com/inward/record.uri?eid=2-s2.0-84987617411&doi=10.1109%2fBigMM.2016.67&partnerID=40&md5=d0ca8c94f5d5b4c337d6648281871bc4",Conference Paper,Scopus
"Kwon O.-H., Muelder C., Lee K., Ma K.-L.","A study of layout, rendering, and interaction methods for immersive graph visualization",2016,"IEEE Transactions on Visualization and Computer Graphics",9,10.1109/TVCG.2016.2520921,"https://www.scopus.com/inward/record.uri?eid=2-s2.0-84973855827&doi=10.1109%2fTVCG.2016.2520921&partnerID=40&md5=28dc665c13dafbfa343569313ab60b00",Article,Scopus
"Zhang Y., Ma K.-L.","Decoupled Shading for Real-time Heterogeneous Volume Illumination",2016,"Computer Graphics Forum",1,10.1111/cgf.12916,"https://www.scopus.com/inward/record.uri?eid=2-s2.0-84978972693&doi=10.1111%2fcgf.12916&partnerID=40&md5=d327931988bed91a43215f9f0faf8761",Article,Scopus
"Muelder C., Zhu B., Chen W., Zhang H., Ma K.-L.","Visual Analysis of Cloud Computing Performance Using Behavioral Lines",2016,"IEEE Transactions on Visualization and Computer Graphics",1,10.1109/TVCG.2016.2534558,"https://www.scopus.com/inward/record.uri?eid=2-s2.0-84968807649&doi=10.1109%2fTVCG.2016.2534558&partnerID=40&md5=f078ad7bd9838e22a5d09332ee5fbca5",Article,Scopus
"Hsueh C.-H., Chou J.-K., Ma K.-L.","A study of using motion for comparative visualization",2016,"IEEE Pacific Visualization Symposium",3,10.1109/PACIFICVIS.2016.7465274,"https://www.scopus.com/inward/record.uri?eid=2-s2.0-84973636691&doi=10.1109%2fPACIFICVIS.2016.7465274&partnerID=40&md5=d9347f32507f947e4900e2ec0569c9dd",Conference Paper,Scopus
"Fung T.-L., Chou J.-K., Ma K.-L.","A design study of personal bibliographic data visualization",2016,"IEEE Pacific Visualization Symposium",1,10.1109/PACIFICVIS.2016.7465279,"https://www.scopus.com/inward/record.uri?eid=2-s2.0-84973637743&doi=10.1109%2fPACIFICVIS.2016.7465279&partnerID=40&md5=95c1f695ca60f609ad5b1cc13aa2a6ef",Conference Paper,Scopus
"Hsueh C.-H., Chu J., Ma K.-L., Ma J., Frazier J.","Fostering comparisons: Designing an interactive exhibit that visualizes marine animal behaviors",2016,"IEEE Pacific Visualization Symposium",1,10.1109/PACIFICVIS.2016.7465282,"https://www.scopus.com/inward/record.uri?eid=2-s2.0-84973635803&doi=10.1109%2fPACIFICVIS.2016.7465282&partnerID=40&md5=776ca5c849a5c5c6a74a604248998f9b",Conference Paper,Scopus
"Preston A., Ghods R., Xie J., Sauer F., Leaf N., Ma K.-L., Rangel E., Kovacs E., Heitmann K., Habib S.","An integrated visualization system for interactive analysis of large, heterogeneous cosmology data",2016,"IEEE Pacific Visualization Symposium",2,10.1109/PACIFICVIS.2016.7465250,"https://www.scopus.com/inward/record.uri?eid=2-s2.0-84973663816&doi=10.1109%2fPACIFICVIS.2016.7465250&partnerID=40&md5=6dbfc3d754c047e79980e31814db39b9",Conference Paper,Scopus
"Chen Y., Zhen Y.-G., Hu H.-Y., Liang J., Ma K.-L.","Visualization technique for multi-attribute in hierarchical structure",2016,"Ruan Jian Xue Bao/Journal of Software",1,10.13328/j.cnki.jos.004956,"https://www.scopus.com/inward/record.uri?eid=2-s2.0-84975263070&doi=10.13328%2fj.cnki.jos.004956&partnerID=40&md5=60b49cf2fe13858350ffef3a8a2e827c",Article,Scopus
"Moreland K., Sewell C., Usher W., Lo L.-T., Meredith J., Pugmire D., Kress J., Schroots H., Ma K.-L., Childs H., Larsen M., Chen C.-M., Maynard R., Geveci B.","VTK-m: Accelerating the Visualization Toolkit for Massively Threaded Architectures",2016,"IEEE Computer Graphics and Applications",5,10.1109/MCG.2016.48,"https://www.scopus.com/inward/record.uri?eid=2-s2.0-84969645967&doi=10.1109%2fMCG.2016.48&partnerID=40&md5=0a983c1641ec41c272cea9760773fc36",Article,Scopus
"Preston A., Sauer F., Ghods R., Leaf N., Xie J., Ma K.-L.","Integrated explorer for cosmological evolution",2016,"2015 IEEE Scientific Visualization Conference, SciVis 2015 - Proceedings",,10.1109/SciVis.2015.7429499,"https://www.scopus.com/inward/record.uri?eid=2-s2.0-84966262733&doi=10.1109%2fSciVis.2015.7429499&partnerID=40&md5=3bee273cc8237b979ba326c3fdefbfb7",Conference Paper,Scopus
"Sauer F., Zhang Y., Wang W., Ethier S., Ma K.-L.","Visualization Techniques for Studying Large-Scale Flow Fields from Fusion Simulations",2016,"Computing in Science and Engineering",,10.1109/MCSE.2015.107,"https://www.scopus.com/inward/record.uri?eid=2-s2.0-84963826904&doi=10.1109%2fMCSE.2015.107&partnerID=40&md5=f8596b7085c8f07453f8c32e878b1419",Article,Scopus
"Wang Y., Ma K.-L.","Revealing the fog-of-war: A visualization-directed, uncertainty-aware approach for exploring high-dimensional data",2015,"Proceedings - 2015 IEEE International Conference on Big Data, IEEE Big Data 2015",1,10.1109/BigData.2015.7363807,"https://www.scopus.com/inward/record.uri?eid=2-s2.0-84963761245&doi=10.1109%2fBigData.2015.7363807&partnerID=40&md5=41a64f6da22b5b768cc0acf9c4f00780",Conference Paper,Scopus
"Xie J., Sauer F., Ma K.-L.","Fast uncertainty-driven large-scale volume feature extraction on desktop PCs",2015,"IEEE Symposium on Large Data Analysis and Visualization 2015, LDAV 2015 - Proceedings",1,10.1109/LDAV.2015.7348067,"https://www.scopus.com/inward/record.uri?eid=2-s2.0-84962821835&doi=10.1109%2fLDAV.2015.7348067&partnerID=40&md5=bfd1e791512e47c7dff1e673eed9f2ed",Conference Paper,Scopus
"Bryan C., Wu X., Mniszewski S., Ma K.-L.","Integrating predictive analytics into a spatiotemporal epidemic simulation",2015,"2015 IEEE Conference on Visual Analytics Science and Technology, VAST 2015 - Proceedings",2,10.1109/VAST.2015.7347626,"https://www.scopus.com/inward/record.uri?eid=2-s2.0-84962788710&doi=10.1109%2fVAST.2015.7347626&partnerID=40&md5=77e650e367cdea98d0bf8914821adcec",Conference Paper,Scopus
"Neuroth T., Sauer F., Wang W., Ethier S., Ma K.-L.","Scalable visualization of discrete velocity decompositions using spatially organized histograms",2015,"IEEE Symposium on Large Data Analysis and Visualization 2015, LDAV 2015 - Proceedings",1,10.1109/LDAV.2015.7348073,"https://www.scopus.com/inward/record.uri?eid=2-s2.0-84962815699&doi=10.1109%2fLDAV.2015.7348073&partnerID=40&md5=aefe95c06991dae29458867056d66a50",Conference Paper,Scopus
"Ye Y.C., Wang Y., Miller R., Ma K.-L., Ono K.","In situ depth maps based feature extraction and tracking",2015,"IEEE Symposium on Large Data Analysis and Visualization 2015, LDAV 2015 - Proceedings",2,10.1109/LDAV.2015.7348065,"https://www.scopus.com/inward/record.uri?eid=2-s2.0-84962911157&doi=10.1109%2fLDAV.2015.7348065&partnerID=40&md5=c5db25ca3aab54dc49f20fded1d17f04",Conference Paper,Scopus
"Schroots H.A., Ma K.-L.","Volume rendering with data parallel visualization frameworks for emerging high performance computing architectures",2015,"SIGGRAPH Asia 2015 Visualization in High Performance Computing, SA 2015",2,10.1145/2818517.2818546,"https://www.scopus.com/inward/record.uri?eid=2-s2.0-84959496524&doi=10.1145%2f2818517.2818546&partnerID=40&md5=4f5557c004d1a3aa6e661a49746b5000",Conference Paper,Scopus
"Li J., Chou J.-K., Ma K.-L.","High performance heterogeneous computing for collaborative visual analysis",2015,"SIGGRAPH Asia 2015 Visualization in High Performance Computing, SA 2015",1,10.1145/2818517.2818534,"https://www.scopus.com/inward/record.uri?eid=2-s2.0-84959455654&doi=10.1145%2f2818517.2818534&partnerID=40&md5=d99fdbdd1919e26f5020b6067e6fa425",Conference Paper,Scopus
"Yu H., Xie J., Ma K.-L., Kolla H., Chen J.H.","Scalable Parallel Distance Field Construction for Large-Scale Applications",2015,"IEEE Transactions on Visualization and Computer Graphics",2,10.1109/TVCG.2015.2417572,"https://www.scopus.com/inward/record.uri?eid=2-s2.0-84941095782&doi=10.1109%2fTVCG.2015.2417572&partnerID=40&md5=f8b81a57d6e69073465a6f2d819663d2",Article,Scopus
"Tanahashi Y., Hsueh C.-H., Ma K.-L.","An efficient framework for generating storyline visualizations from streaming data",2015,"IEEE Transactions on Visualization and Computer Graphics",15,10.1109/TVCG.2015.2392771,"https://www.scopus.com/inward/record.uri?eid=2-s2.0-84929164545&doi=10.1109%2fTVCG.2015.2392771&partnerID=40&md5=fac1daf7a8cac41f75fbc3db680d413a",Article,Scopus
"Crnovrsanin T., Muelder C., Ma K.-L.","A system for visual analysis of radio signal data",2015,"2014 IEEE Conference on Visual Analytics Science and Technology, VAST 2014 - Proceedings",2,10.1109/VAST.2014.7042479,"https://www.scopus.com/inward/record.uri?eid=2-s2.0-84929457970&doi=10.1109%2fVAST.2014.7042479&partnerID=40&md5=eadd2da876b4ea787a75fcf84d1fa670",Conference Paper,Scopus
"Frey S., Sadlo F., Ma K.-L., Ertl T.","Interactive Progressive Visualization with Space-Time Error Control",2014,"IEEE Transactions on Visualization and Computer Graphics",10,10.1109/TVCG.2014.2346319,"https://www.scopus.com/inward/record.uri?eid=2-s2.0-84909578996&doi=10.1109%2fTVCG.2014.2346319&partnerID=40&md5=a839a37397196543a373f54dc68ea589",Article,Scopus
"Chen H., Chen W., Mei H., Liu Z., Zhou K., Chen W., Gu W., Ma K.-L.","Visual abstraction and exploration of multi-class scatterplots",2014,"IEEE Transactions on Visualization and Computer Graphics",8,10.1109/TVCG.2014.2346594,"https://www.scopus.com/inward/record.uri?eid=2-s2.0-84910038336&doi=10.1109%2fTVCG.2014.2346594&partnerID=40&md5=4e8aa79f444203ef40b1f718be80d2b4",Article,Scopus
"Crnovrsanin T., Muelder C.W., Faris R., Felmlee D., Ma K.-L.","Visualization techniques for categorical analysis of social networks with multiple edge sets",2014,"Social Networks",9,10.1016/j.socnet.2013.12.002,"https://www.scopus.com/inward/record.uri?eid=2-s2.0-84891933821&doi=10.1016%2fj.socnet.2013.12.002&partnerID=40&md5=03e7d6f9e7b368e101e36dffa6caa4a1",Article,Scopus
"Hero R., Ho C., Ma K.-L.","Volume rendering of curvilinear-grid data using low-dimensional deformation textures",2014,"IEEE Transactions on Visualization and Computer Graphics",1,10.1109/TVCG.2013.264,"https://www.scopus.com/inward/record.uri?eid=2-s2.0-84905215562&doi=10.1109%2fTVCG.2013.264&partnerID=40&md5=023a0ca07881bcc46ecc6f9081b78be2",Article,Scopus
"Crnovrsanin T., Wang Y., Ma K.-L.","Stimulating a blink: Reduction of eye fatigue with visual stimulus",2014,"Conference on Human Factors in Computing Systems - Proceedings",3,10.1145/2556288.2557129,"https://www.scopus.com/inward/record.uri?eid=2-s2.0-84900420401&doi=10.1145%2f2556288.2557129&partnerID=40&md5=1a1d1e6bd763b0b3e128a3e27f50a5bc",Conference Paper,Scopus
"Chan Y.-H., Correa C.D., Ma K.-L.","Regression cube: A technique for multidimensional visual exploration and interactive pattern finding",2014,"ACM Transactions on Interactive Intelligent Systems",4,10.1145/2590349,"https://www.scopus.com/inward/record.uri?eid=2-s2.0-84983573776&doi=10.1145%2f2590349&partnerID=40&md5=6433ffbf727a1516ebf7c1334d9202eb",Article,Scopus
"Liao I., Hsu W.-H., Ma K.-L.","Storytelling via navigation: A novel approach to animation for scientific visualization",2014,"Lecture Notes in Computer Science (including subseries Lecture Notes in Artificial Intelligence and Lecture Notes in Bioinformatics)",2,10.1007/978-3-319-11650-1_1,"https://www.scopus.com/inward/record.uri?eid=2-s2.0-84906772232&doi=10.1007%2f978-3-319-11650-1_1&partnerID=40&md5=3697947816b179496e88784999382c0c",Conference Paper,Scopus
"Chen C.-K., Yan S., Yu H., Max N., Ma K.-L.","An illustrative visualization framework for 3D vector fields",2014,"Computer Graphics Forum",16,10.1111/j.1467-8659.2011.02064.x,"https://www.scopus.com/inward/record.uri?eid=2-s2.0-84877633308&doi=10.1111%2fj.1467-8659.2011.02064.x&partnerID=40&md5=d64546423c8405ad243d37d985ab4b92",Article,Scopus
"Nie Y., Sun H., Li P., Xiao C., Ma K.-L.","Object movements synopsis viapart assembling and stitching",2014,"IEEE Transactions on Visualization and Computer Graphics",7,10.1109/TVCG.2013.2297931,"https://www.scopus.com/inward/record.uri?eid=2-s2.0-84905241270&doi=10.1109%2fTVCG.2013.2297931&partnerID=40&md5=e3fa595d14a75246a54804a0dfbcceda",Article,Scopus
"Wang C.-F., Li J., Ma K.-L., Huang C.-W., Li Y.-C.","A visual analysis approach to cohort study of electronic patient records",2014,"Proceedings - 2014 IEEE International Conference on Bioinformatics and Biomedicine, IEEE BIBM 2014",3,10.1109/BIBM.2014.6999214,"https://www.scopus.com/inward/record.uri?eid=2-s2.0-84922824793&doi=10.1109%2fBIBM.2014.6999214&partnerID=40&md5=6ea67f86b6b801cf88f899bc6b2d3a28",Conference Paper,Scopus
"Xiao C., Jin L., Nie Y., Wang R., Sun H., Ma K.-L.","Content-aware model resizing with symmetry-preservation",2014,"Visual Computer",3,10.1007/s00371-014-0919-4,"https://www.scopus.com/inward/record.uri?eid=2-s2.0-84922002017&doi=10.1007%2fs00371-014-0919-4&partnerID=40&md5=b2b2e2c220331868109a767f26f685fb",Article,Scopus
"Archambault D., Abello J., Kennedy J., Kobourov S., Ma K.-L., Miksch S., Muelder C., Telea A.C.","Temporal multivariate networks",2014,"Lecture Notes in Computer Science (including subseries Lecture Notes in Artificial Intelligence and Lecture Notes in Bioinformatics)",10,10.1007/978-3-319-06793-3_8,"https://www.scopus.com/inward/record.uri?eid=2-s2.0-84901261125&doi=10.1007%2f978-3-319-06793-3_8&partnerID=40&md5=2f2422206ecfc66f765cee9b722f08d2",Conference Paper,Scopus
"Zheng L., Correa C., Ma K.-L.","Visibility guided multimodal volume visualization",2013,"Proceedings - 2013 IEEE International Conference on Bioinformatics and Biomedicine, IEEE BIBM 2013",1,10.1109/BIBM.2013.6732506,"https://www.scopus.com/inward/record.uri?eid=2-s2.0-84894572801&doi=10.1109%2fBIBM.2013.6732506&partnerID=40&md5=4f247e8d265f92ae3b1172731952b521",Conference Paper,Scopus
"Moreland K., Geveci B., Ma K.-L., Maynard R.","A classification of scientific visualization algorithms for massive threading",2013,"Proc. of UltraVis 2013: 8th Int. Workshop on Ultrascale Visualization - Held in Conjunction with SC 2013: The Int. Conference for High Performance Computing, Networking, Storage and Analysis",2,10.1145/2535571.2535591,"https://www.scopus.com/inward/record.uri?eid=2-s2.0-84893010668&doi=10.1145%2f2535571.2535591&partnerID=40&md5=a4bec2dab6ca558e4891e7e1d680ada8",Conference Paper,Scopus
"Muelder C.W., Crnovrsanin T., Sallaberry A., Ma K.-L.","Egocentric storylines for visual analysis of large dynamic graphs",2013,"Proceedings - 2013 IEEE International Conference on Big Data, Big Data 2013",10,10.1109/BigData.2013.6691715,"https://www.scopus.com/inward/record.uri?eid=2-s2.0-84893282263&doi=10.1109%2fBigData.2013.6691715&partnerID=40&md5=aca844b2c6ceb9120d3fc2fbd95db4cc",Conference Paper,Scopus
"Sauer F., Yu H., Ma K.-L.","An analytical framework for particle and volume data of large-scale combustion simulations",2013,"Proc. of UltraVis 2013: 8th Int. Workshop on Ultrascale Visualization - Held in Conjunction with SC 2013: The Int. Conference for High Performance Computing, Networking, Storage and Analysis",1,10.1145/2535571.2535590,"https://www.scopus.com/inward/record.uri?eid=2-s2.0-84893000002&doi=10.1145%2f2535571.2535590&partnerID=40&md5=2b9261036a75eb455d7ff8046ab433c3",Conference Paper,Scopus
"Hsu W.-H., Zhang Y., Ma K.-L.","A multi-criteria approach to camera motion design for volume data animation",2013,"IEEE Transactions on Visualization and Computer Graphics",8,10.1109/TVCG.2013.123,"https://www.scopus.com/inward/record.uri?eid=2-s2.0-84886665594&doi=10.1109%2fTVCG.2013.123&partnerID=40&md5=5d12a10d8b260e7a1113be5e49fb261b",Article,Scopus
"Sigovan C., Muelder C., Ma K.-L., Cope J., Iskra K., Ross R.","A visual network analysis method for large-scale parallel I/O systems",2013,"Proceedings - IEEE 27th International Parallel and Distributed Processing Symposium, IPDPS 2013",5,10.1109/IPDPS.2013.96,"https://www.scopus.com/inward/record.uri?eid=2-s2.0-84884868039&doi=10.1109%2fIPDPS.2013.96&partnerID=40&md5=6ec7f2450b1575ee2127d9dd7fbf5f61",Conference Paper,Scopus
"Chan Y.-H., Correa C.D., Ma K.-L.","The generalized sensitivity scatterplot",2013,"IEEE Transactions on Visualization and Computer Graphics",11,10.1109/TVCG.2013.20,"https://www.scopus.com/inward/record.uri?eid=2-s2.0-84883082802&doi=10.1109%2fTVCG.2013.20&partnerID=40&md5=a3ca3896631ec6e1d73d87b4ff15d2e1",Article,Scopus
"Ma K.-L., Muelder C.W.","Large-scale graph visualization and analytics",2013,"Computer",12,10.1109/MC.2013.242,"https://www.scopus.com/inward/record.uri?eid=2-s2.0-84882737788&doi=10.1109%2fMC.2013.242&partnerID=40&md5=ff4770e330a3179bd5c1d0a3c59eb02d",Article,Scopus
"Keim D., Qu H., Ma K.-L.","Big-data visualization",2013,"IEEE Computer Graphics and Applications",35,10.1109/MCG.2013.54,"https://www.scopus.com/inward/record.uri?eid=2-s2.0-84880836672&doi=10.1109%2fMCG.2013.54&partnerID=40&md5=f125ab414759d7d94fe3cbf255622de6",Review,Scopus
"Zhang Y., Dong Z., Ma K.-L.","Real-time volume rendering in dynamic lighting environments using precomputed photon mapping",2013,"IEEE Transactions on Visualization and Computer Graphics",17,10.1109/TVCG.2013.17,"https://www.scopus.com/inward/record.uri?eid=2-s2.0-84879238918&doi=10.1109%2fTVCG.2013.17&partnerID=40&md5=2e3a48fae48e9a4fe9c566af68097fc3",Article,Scopus
"Leaf N., Ma K.-L., Zhang C., Galli G.","A process for visualizing disordered molecular data with a case study in bulk water",2013,"Proceedings of the 2012 ASE International Conference on BioMedical Computing, BioMedCom 2012",1,10.1109/BioMedCom.2012.12,"https://www.scopus.com/inward/record.uri?eid=2-s2.0-84878710054&doi=10.1109%2fBioMedCom.2012.12&partnerID=40&md5=b38d0290d30bd6d0ad9afb136c2ef254",Conference Paper,Scopus
"Tanahashi Y., Ma K.-L.","OnMyWay: A task-oriented visualization and interface design for planning road trip itinerary",2013,"Proceedings - 2013 International Conference on Cyberworlds, CW 2013",1,10.1109/CW.2013.16,"https://www.scopus.com/inward/record.uri?eid=2-s2.0-84893242461&doi=10.1109%2fCW.2013.16&partnerID=40&md5=51142da238f783909b49d9e83f10d07d",Conference Paper,Scopus
"Sigovan C., Muelder C.W., Ma K.-L.","Visualizing large-scale parallel communication traces using a particle animation technique",2013,"Computer Graphics Forum",7,10.1111/cgf.12101,"https://www.scopus.com/inward/record.uri?eid=2-s2.0-84879779337&doi=10.1111%2fcgf.12101&partnerID=40&md5=e5157a45d5ea11f8963d1576dd12dd86",Article,Scopus
"Wu M.Q.Y., Faris R., Ma K.-L.","Visual exploration of academic career paths",2013,"Proceedings of the 2013 IEEE/ACM International Conference on Advances in Social Networks Analysis and Mining, ASONAM 2013",4,10.1145/2492517.2492638,"https://www.scopus.com/inward/record.uri?eid=2-s2.0-84893321584&doi=10.1145%2f2492517.2492638&partnerID=40&md5=cad379804b9395d33bf478b3564731d0",Conference Paper,Scopus
"Xie J., Yu H., Ma K.-L.","Interactive ray casting of geodesic grids",2013,"Computer Graphics Forum",5,10.1111/cgf.12135,"https://www.scopus.com/inward/record.uri?eid=2-s2.0-84879749423&doi=10.1111%2fcgf.12135&partnerID=40&md5=697fad4a26c2d8dbd4bf244b3240dcf2",Article,Scopus
"Bryan C., Ma K.-L., Fu Y.-C.","An interactive visualization interface for studying egocentric, categorical, contact diary datasets",2013,"Proceedings of the 2013 IEEE/ACM International Conference on Advances in Social Networks Analysis and Mining, ASONAM 2013",1,10.1145/2492517.2492636,"https://www.scopus.com/inward/record.uri?eid=2-s2.0-84893227127&doi=10.1145%2f2492517.2492636&partnerID=40&md5=2dbc3e5d853d97c393ae861f2d84dca4",Conference Paper,Scopus
"Chou J.-K., Liao I., Ma K.-L., Yang C.-K.","A study on enhancing timeline-like visualization with verbal text",2013,"Proceedings - 2013 International Conference on Cyberworlds, CW 2013",,10.1109/CW.2013.36,"https://www.scopus.com/inward/record.uri?eid=2-s2.0-84893329874&doi=10.1109%2fCW.2013.36&partnerID=40&md5=e5918371151d0dbaa466097bc5ab26b3",Conference Paper,Scopus
"Wu Y., Liu X., Liu S., Ma K.-L.","ViSizer: A visualization resizing framework",2013,"IEEE Transactions on Visualization and Computer Graphics",15,10.1109/TVCG.2012.114,"https://www.scopus.com/inward/record.uri?eid=2-s2.0-84871086226&doi=10.1109%2fTVCG.2012.114&partnerID=40&md5=4b452f83682ca65019efd7e59db016d3",Article,Scopus
"Leaf N., Vishwanath V., Insley J., Hereld M., Papka M.E., Ma K.-L.","Efficient parallel volume rendering of large-scale adaptive mesh refinement data",2013,"IEEE Symposium on Large Data Analysis and Visualization 2013, LDAV 2013 - Proceedings",4,10.1109/LDAV.2013.6675156,"https://www.scopus.com/inward/record.uri?eid=2-s2.0-84899089535&doi=10.1109%2fLDAV.2013.6675156&partnerID=40&md5=8796d7ca890164386c97081d9ebd416c",Conference Paper,Scopus
"Moreland K., King B., Maynard R., Ma K.-L.","Flexible analysis software for emerging architectures",2012,"Proceedings - 2012 SC Companion: High Performance Computing, Networking Storage and Analysis, SCC 2012",,10.1109/SC.Companion.2012.115,"https://www.scopus.com/inward/record.uri?eid=2-s2.0-84876549359&doi=10.1109%2fSC.Companion.2012.115&partnerID=40&md5=b73d9f3d4a742878c6dd1b5ed5aa1180",Conference Paper,Scopus
"Tanahashi Y., Rowland J.R., North S., Ma K.-L.","Inferring human mobility patterns from anonymized mobile communication usage",2012,"ACM International Conference Proceeding Series",8,10.1145/2428955.2428988,"https://www.scopus.com/inward/record.uri?eid=2-s2.0-84873452105&doi=10.1145%2f2428955.2428988&partnerID=40&md5=e402fd945d666e54fd4df0010afa92de",Conference Paper,Scopus
"Shen Z., Wei J., Sundaresan N., Ma K.-L.","Visual analysis of massive web session data",2012,"IEEE Symposium on Large Data Analysis and Visualization 2012, LDAV 2012 - Proceedings",10,10.1109/LDAV.2012.6378977,"https://www.scopus.com/inward/record.uri?eid=2-s2.0-84872190817&doi=10.1109%2fLDAV.2012.6378977&partnerID=40&md5=2eee1d97aca1e63e94a3fcabd4c69291",Conference Paper,Scopus
"Ozer S., Wei J., Silver D., Ma K.-L., Martin P.","Group dynamics in scientific visualization",2012,"IEEE Symposium on Large Data Analysis and Visualization 2012, LDAV 2012 - Proceedings",7,10.1109/LDAV.2012.6378982,"https://www.scopus.com/inward/record.uri?eid=2-s2.0-84872202460&doi=10.1109%2fLDAV.2012.6378982&partnerID=40&md5=dc969c64eae2ccb5e60159c2eae41c33",Conference Paper,Scopus
"Jacob R., Krishna J., Xu X., Mickelson S., Tautges T., Wilde M., Latham R., Foster I., Ross R., Hereld M., Larson J., Bochev P., Peterson K., Taylor M., Schuchardt K., Yin J., Middleton D., Haley M., Brown D., Huang W., Shea D., Brownrigg R., Vertenstein M., Ma K.-L., Xie J.","Bringing task and data parallelism to analysis of climate model output",2012,"Proceedings - 2012 SC Companion: High Performance Computing, Networking Storage and Analysis, SCC 2012",,10.1109/SC.Companion.2012.282,"https://www.scopus.com/inward/record.uri?eid=2-s2.0-84876582441&doi=10.1109%2fSC.Companion.2012.282&partnerID=40&md5=1ff6797473f7d42f3436ff43155e7f64",Conference Paper,Scopus
"Fout N., Ma K.-L.","An adaptive prediction-based approach to lossless compression of floating-point volume data",2012,"IEEE Transactions on Visualization and Computer Graphics",24,10.1109/TVCG.2012.194,"https://www.scopus.com/inward/record.uri?eid=2-s2.0-84867640676&doi=10.1109%2fTVCG.2012.194&partnerID=40&md5=55ef174ea9c211feadcded8f0ab90699",Article,Scopus
"Tanahashi Y., Ma K.-L.","Design considerations for optimizing storyline visualizations",2012,"IEEE Transactions on Visualization and Computer Graphics",59,10.1109/TVCG.2012.212,"https://www.scopus.com/inward/record.uri?eid=2-s2.0-84867640095&doi=10.1109%2fTVCG.2012.212&partnerID=40&md5=1e9f6e32d47fffdfeae94e41bc34ac40",Article,Scopus
"Fout N., Ma K.-L.","Fuzzy volume rendering",2012,"IEEE Transactions on Visualization and Computer Graphics",8,10.1109/TVCG.2012.227,"https://www.scopus.com/inward/record.uri?eid=2-s2.0-84867629983&doi=10.1109%2fTVCG.2012.227&partnerID=40&md5=ed5dab1f74ae2234cd01070377866576",Article,Scopus
"Ma J., Liao I., Ma K.-L., Frazier J.","Living liquid: Design and evaluation of an exploratory visualization tool for museum visitors",2012,"IEEE Transactions on Visualization and Computer Graphics",17,10.1109/TVCG.2012.244,"https://www.scopus.com/inward/record.uri?eid=2-s2.0-84867650814&doi=10.1109%2fTVCG.2012.244&partnerID=40&md5=fb2126ef5058a099a9ec69a0adf88145",Article,Scopus
"Wu Y., Yuan G.-X., Ma K.-L.","Visualizing flow of uncertainty through analytical processes",2012,"IEEE Transactions on Visualization and Computer Graphics",18,10.1109/TVCG.2012.285,"https://www.scopus.com/inward/record.uri?eid=2-s2.0-84867645714&doi=10.1109%2fTVCG.2012.285&partnerID=40&md5=50286560801ec140e4cb1dcdcc98c5f0",Article,Scopus
"Zhang Y., Dong Z., Ma K.-L.","Realtime volume rendering using precomputed photon mapping",2012,"Proceedings - I3D 2012: ACM SIGGRAPH Symposium on Interactive 3D Graphics and Games",1,10.1145/2159616.2159663,"https://www.scopus.com/inward/record.uri?eid=2-s2.0-84859824110&doi=10.1145%2f2159616.2159663&partnerID=40&md5=f926efd6c2fdbff4f1b440f0dfff9c13",Conference Paper,Scopus
"Ma K.-L., Liao I., Frazier J., Hauser H., Kostis H.-N.","Scientific storytelling using visualization",2012,"IEEE Computer Graphics and Applications",37,10.1109/MCG.2012.24,"https://www.scopus.com/inward/record.uri?eid=2-s2.0-84555206049&doi=10.1109%2fMCG.2012.24&partnerID=40&md5=87c4413785f09a164fe344821983744b",Review,Scopus
"Correa C., Crnovrsanin T., Ma K.-L.","Visual reasoning about social networks using centrality sensitivity",2012,"IEEE Transactions on Visualization and Computer Graphics",34,10.1109/TVCG.2010.260,"https://www.scopus.com/inward/record.uri?eid=2-s2.0-81455154528&doi=10.1109%2fTVCG.2010.260&partnerID=40&md5=fe2d5d9615fc2c05db763c99aad114e9",Article,Scopus
"Li Z., Wang S., Yu J., Ma K.-L.","Restoration of brick and stone relief from single rubbing images",2012,"IEEE Transactions on Visualization and Computer Graphics",21,10.1109/TVCG.2011.26,"https://www.scopus.com/inward/record.uri?eid=2-s2.0-83855165781&doi=10.1109%2fTVCG.2011.26&partnerID=40&md5=da5e4b5a6191a9cd9d7daf4b9ebb6912",Article,Scopus
"Wei J., Yu H., Chen J.H., Ma K.-L.","Parallel clustering for visualizing large scientific line data",2011,"1st IEEE Symposium on Large-Scale Data Analysis and Visualization 2011, LDAV 2011 - Proceedings",8,10.1109/LDAV.2011.6092316,"https://www.scopus.com/inward/record.uri?eid=2-s2.0-84055199102&doi=10.1109%2fLDAV.2011.6092316&partnerID=40&md5=177d203596bb0bde3acb93a041705181",Conference Paper,Scopus
"Hsu W.-H., Ma K.-L., Correa C.","A rendering framework for multiscale views of 3D models",2011,"Proceedings of the 2011 SIGGRAPH Asia Conference, SA'11",6,,"https://www.scopus.com/inward/record.uri?eid=2-s2.0-84855449674&partnerID=40&md5=58432ac69250b81db3fc63c4be587df5",Conference Paper,Scopus
"Hsu W.-H., Ma K.-L., Correa C.","A Rendering Framework for Multiscale Views of 3D Models",2011,"ACM Transactions on Graphics",1,10.1145/2070781.2024165,"https://www.scopus.com/inward/record.uri?eid=2-s2.0-85024285324&doi=10.1145%2f2070781.2024165&partnerID=40&md5=6a530be822688ccff2e139bf39b1ed31",Article,Scopus
"Gerstmann D.K., Potter T., Houston M., Bourke P., Ma K.-L., Wicenec A.","A practical visualization strategy for large-scale supernovae CFD simulations",2011,"SIGGRAPH Asia 2011 Sketches, SA'11",,10.1145/2077378.2077397,"https://www.scopus.com/inward/record.uri?eid=2-s2.0-84855490195&doi=10.1145%2f2077378.2077397&partnerID=40&md5=1343970eb056141b5deaa4393af3cf82",Conference Paper,Scopus
"Wu K., Sinha R.R., Jones C., Ethier S., Klasky S., Ma K.-L., Shoshani A., Winslett M.","Finding regions of interest on toroidal meshes",2011,"Computational Science and Discovery",4,10.1088/1749-4699/4/1/015003,"https://www.scopus.com/inward/record.uri?eid=2-s2.0-80755181125&doi=10.1088%2f1749-4699%2f4%2f1%2f015003&partnerID=40&md5=021d3635b8276497912c3df795d865cb",Article,Scopus
"Wu Y., Ma K.-L.","Scalable visualization resizing framework",2011,"AAAI Workshop - Technical Report",,,"https://www.scopus.com/inward/record.uri?eid=2-s2.0-80055033757&partnerID=40&md5=70b9f62b46a6d07f914c2e2bd5767793",Conference Paper,Scopus
"Isenberg P., Elmqvist N., Scholtz J., Cernea D., Ma K.-L., Hagen H.","Collaborative visualization: Definition, challenges, and research agenda",2011,"Information Visualization",89,10.1177/1473871611412817,"https://www.scopus.com/inward/record.uri?eid=2-s2.0-80054938134&doi=10.1177%2f1473871611412817&partnerID=40&md5=8b864d0e5ae0101f5b966789cdd31f5c",Article,Scopus
"Zhang Y., Correa C.D., Ma K.-L.","Graph-based fire synthesis",2011,"Proceedings - SCA 2011: ACM SIGGRAPH / Eurographics Symposium on Computer Animation",8,10.1145/2019406.2019431,"https://www.scopus.com/inward/record.uri?eid=2-s2.0-80052585271&doi=10.1145%2f2019406.2019431&partnerID=40&md5=11e237b57a7622a500b6738e09b9d146",Conference Paper,Scopus
"Mozhayskiy V., Miller B., Ma K.-L., Tagkopoulos I.","A scalable multi-scale framework for parallel simulation and visualization of microbial evolution",2011,"Proceedings of the TeraGrid 2011 Conference: Extreme Digital Discovery, TG'11",3,10.1145/2016741.2016749,"https://www.scopus.com/inward/record.uri?eid=2-s2.0-80052330079&doi=10.1145%2f2016741.2016749&partnerID=40&md5=41348de424c0453103ac0fb8fcfdd8b3",Conference Paper,Scopus
"Boschetti A., Salgarelli L., Muelder C., Ma K.-L.","TVi: A visual querying system for network monitoring and anomaly detection",2011,"ACM International Conference Proceeding Series",,10.1145/2016904.2016905,"https://www.scopus.com/inward/record.uri?eid=2-s2.0-80052302116&doi=10.1145%2f2016904.2016905&partnerID=40&md5=63478859de2039b33ba81d1991bd1e5f",Conference Paper,Scopus
"Muelder C., Sigovan C., Ma K.-L., Cope J., Lang S., Iskra K., Beckman P., Ross R.","Visual analysis of I/O system behavior for high-end computing",2011,"LSAP'11 - Proceedings of the 3rd International Workshop on Large-Scale System and Application Performance",10,10.1145/1996029.1996036,"https://www.scopus.com/inward/record.uri?eid=2-s2.0-79961037998&doi=10.1145%2f1996029.1996036&partnerID=40&md5=e19297f2333fa27454406b531460c6e5",Conference Paper,Scopus
"Chen C.-K., Wang C., Ma K.-L., Wittenberg A.T.","Static correlation visualization for large time-varying volume data",2011,"IEEE Pacific Visualization Symposium 2011, PacificVis 2011 - Proceedings",16,10.1109/PACIFICVIS.2011.5742369,"https://www.scopus.com/inward/record.uri?eid=2-s2.0-79955694646&doi=10.1109%2fPACIFICVIS.2011.5742369&partnerID=40&md5=be6fb24d211938ed3dc864f0f4dd8dc8",Conference Paper,Scopus
"Wei J., Yu H., Grout R.W., Chen J.H., Ma K.-L.","Dual space analysis of turbulent combustion particle data",2011,"IEEE Pacific Visualization Symposium 2011, PacificVis 2011 - Proceedings",9,10.1109/PACIFICVIS.2011.5742377,"https://www.scopus.com/inward/record.uri?eid=2-s2.0-79955698623&doi=10.1109%2fPACIFICVIS.2011.5742377&partnerID=40&md5=cdf3489f8b1f589bd27c158258ec1922",Conference Paper,Scopus
"Wang C., Yu H., Grout R.W., Ma K.-L., Chen J.H.","Analyzing information transfer in time-varying multivariate data",2011,"IEEE Pacific Visualization Symposium 2011, PacificVis 2011 - Proceedings",10,10.1109/PACIFICVIS.2011.5742378,"https://www.scopus.com/inward/record.uri?eid=2-s2.0-79955691377&doi=10.1109%2fPACIFICVIS.2011.5742378&partnerID=40&md5=c87a69b12ed247cb9a50ac549e00b138",Conference Paper,Scopus
"Correa C.D., Ma K.-L.","Visibility histograms and visibility-driven transfer functions",2011,"IEEE Transactions on Visualization and Computer Graphics",67,10.1109/TVCG.2010.35,"https://www.scopus.com/inward/record.uri?eid=2-s2.0-78650175922&doi=10.1109%2fTVCG.2010.35&partnerID=40&md5=01292a8a37850d88e626daf6bddc0365",Article,Scopus
"Wang Y.-S., Wang C., Lee T.-Y., Ma K.-L.","Feature-preserving volume data reduction and focus+context visualization",2011,"IEEE Transactions on Visualization and Computer Graphics",38,10.1109/TVCG.2010.34,"https://www.scopus.com/inward/record.uri?eid=2-s2.0-78650168775&doi=10.1109%2fTVCG.2010.34&partnerID=40&md5=144f2ff58b7d659d472767b8fccc30e3",Article,Scopus
"Crnovrsanin T., Liao I., Wu Y., Ma K.-L.","Visual recommendations for network navigation",2011,"Computer Graphics Forum",16,10.1111/j.1467-8659.2011.01957.x,"https://www.scopus.com/inward/record.uri?eid=2-s2.0-84882679602&doi=10.1111%2fj.1467-8659.2011.01957.x&partnerID=40&md5=731bbf1d5dbe883ce4354c98da358589",Article,Scopus
"Correa C.D., Hero R., Ma K.-L.","A comparison of gradient estimation methods for volume rendering on unstructured meshes",2011,"IEEE Transactions on Visualization and Computer Graphics",22,10.1109/TVCG.2009.105,"https://www.scopus.com/inward/record.uri?eid=2-s2.0-78651305138&doi=10.1109%2fTVCG.2009.105&partnerID=40&md5=ba3ae121bc74d101666f0e5e2a65d744",Article,Scopus
"Wu Y., Provan T., Wei F., Liu S., Ma K.-L.","Semantic-preservingword clouds by seam carving",2011,"Computer Graphics Forum",37,10.1111/j.1467-8659.2011.01923.x,"https://www.scopus.com/inward/record.uri?eid=2-s2.0-84879722235&doi=10.1111%2fj.1467-8659.2011.01923.x&partnerID=40&md5=e757db9eb52d5820a4aa5411f3a53649",Article,Scopus
"Ogawa M., Ma K.-L.","Software evolution storylines",2010,"Proceedings of the ACM Conference on Computer and Communications Security",41,10.1145/1879211.1879219,"https://www.scopus.com/inward/record.uri?eid=2-s2.0-78650860728&doi=10.1145%2f1879211.1879219&partnerID=40&md5=1315661cfe6b0953e73578fea001ba63",Conference Paper,Scopus
"Jones C., Armstrong R., Ma K.-L.","Visualizing the commonalities between hierarchically structured data queries",2010,"DMS 2010 - Proceedings of the 16th International Conference on Distributed Multimedia Systems",3,,"https://www.scopus.com/inward/record.uri?eid=2-s2.0-79952430482&partnerID=40&md5=a054631743a36d6292d05ceab443858a",Conference Paper,Scopus
"Tanahashi Y., Chen C.-K., Marchesin S., Ma K.-L.","An interface design for future cloud-based visualization services",2010,"Proceedings - 2nd IEEE International Conference on Cloud Computing Technology and Science, CloudCom 2010",8,10.1109/CloudCom.2010.46,"https://www.scopus.com/inward/record.uri?eid=2-s2.0-79952425989&doi=10.1109%2fCloudCom.2010.46&partnerID=40&md5=6508209934381f82d581b98397318cc4",Conference Paper,Scopus
"Muelder C., Provan T., Ma K.-L.","Content based graph visualization of audio data for music library navigation",2010,"Proceedings - 2010 IEEE International Symposium on Multimedia, ISM 2010",6,10.1109/ISM.2010.27,"https://www.scopus.com/inward/record.uri?eid=2-s2.0-79951800410&doi=10.1109%2fISM.2010.27&partnerID=40&md5=a394d684ace4121f2b1c86c52ac13f87",Conference Paper,Scopus
"Hsu W.-H., Mei J., Correa C.D., Ma K.-L.","Depicting time evolving flow with illustrative visualization techniques",2010,"Lecture Notes of the Institute for Computer Sciences, Social-Informatics and Telecommunications Engineering",5,10.1007/978-3-642-11577-6_18,"https://www.scopus.com/inward/record.uri?eid=2-s2.0-84885887176&doi=10.1007%2f978-3-642-11577-6_18&partnerID=40&md5=dc443a6fd6fa3df996ac96d22f1faa59",Conference Paper,Scopus
"Jarrett B.R., Correa C., Ma K.L., Louie A.Y.","In vivo mapping of vascular inflammation using multimodal imaging",2010,"PLoS ONE",38,10.1371/journal.pone.0013254,"https://www.scopus.com/inward/record.uri?eid=2-s2.0-78149444571&doi=10.1371%2fjournal.pone.0013254&partnerID=40&md5=9a81421dc5aa8b5284b6d8260715d9f8",Article,Scopus
"Tikhonova A., Correa C.D., Ma K.-L.","Visualization by proxy: A novel framework for deferred interaction with volume data",2010,"IEEE Transactions on Visualization and Computer Graphics",22,10.1109/TVCG.2010.215,"https://www.scopus.com/inward/record.uri?eid=2-s2.0-77956362732&doi=10.1109%2fTVCG.2010.215&partnerID=40&md5=27773ea815e6f6a42179d356ca43f23d",Article,Scopus
"Marchesin S., Chen C.-K., Ho C., Ma K.-L.","View-dependent streamlines for 3D vector fields",2010,"IEEE Transactions on Visualization and Computer Graphics",49,10.1109/TVCG.2010.212,"https://www.scopus.com/inward/record.uri?eid=2-s2.0-78149266595&doi=10.1109%2fTVCG.2010.212&partnerID=40&md5=a59cf13898d5ab00682a6fbef3bfd2b1",Article,Scopus
"Zheng L., Wu Y., Ma K.-L.","Relation-aware spreadsheets for multimodal volume segmentation and visualization",2010,"Lecture Notes in Computer Science (including subseries Lecture Notes in Artificial Intelligence and Lecture Notes in Bioinformatics)",,10.1007/978-3-642-15948-0_12,"https://www.scopus.com/inward/record.uri?eid=2-s2.0-77958031442&doi=10.1007%2f978-3-642-15948-0_12&partnerID=40&md5=1c8a9d4324ecaaccc5f4810543f3ee4a",Conference Paper,Scopus
"Zhou F., Zhao Y., Ma K.-L.","Parallel mean shift for interactive volume segmentation",2010,"Lecture Notes in Computer Science (including subseries Lecture Notes in Artificial Intelligence and Lecture Notes in Bioinformatics)",12,10.1007/978-3-642-15948-0_9,"https://www.scopus.com/inward/record.uri?eid=2-s2.0-77958034510&doi=10.1007%2f978-3-642-15948-0_9&partnerID=40&md5=159bf86369fbfbd5a8fabbb6861a6ad4",Conference Paper,Scopus
"Correa C.D., Ma K.-L.","Dynamic video narratives",2010,"ACM Transactions on Graphics",50,10.1145/1778765.1778825,"https://www.scopus.com/inward/record.uri?eid=2-s2.0-77956361188&doi=10.1145%2f1778765.1778825&partnerID=40&md5=6699cbcc1a38ae3b2bedc09f6e2fc9af",Article,Scopus
"Ma K.-L., Tikhonova A., Correa C.D.","Distance visualization of ultrascale data with explorable images",2010,"ACM SIGGRAPH 2010 Talks, SIGGRAPH '10",,10.1145/1837026.1837038,"https://www.scopus.com/inward/record.uri?eid=2-s2.0-77956310802&doi=10.1145%2f1837026.1837038&partnerID=40&md5=bee90679a56c3a1c08cf6a947c8b9949",Conference Paper,Scopus
"Ma K.-L.","A new approach to remote visualization of large volume data",2010,"Computer Graphics (ACM)",3,10.1145/1852645.1852653,"https://www.scopus.com/inward/record.uri?eid=2-s2.0-77956355081&doi=10.1145%2f1852645.1852653&partnerID=40&md5=fe085bc468a90692819573a7e2fbd736",Article,Scopus
"Hsieh T.-J., Chen G.-K., Ma K.-L.","Visualizing field-measured seismic data",2010,"IEEE Pacific Visualization Symposium 2010, PacificVis 2010 - Proceedings",6,10.1109/PACIFICVIS.2010.5429610,"https://www.scopus.com/inward/record.uri?eid=2-s2.0-77951695428&doi=10.1109%2fPACIFICVIS.2010.5429610&partnerID=40&md5=794a5621101255786e7119daadcd5564",Conference Paper,Scopus
"Wei J., Wang C., Ma K.-L., Yu H.","A sketch-based interface for classifying and visualizing vector fields",2010,"IEEE Pacific Visualization Symposium 2010, PacificVis 2010 - Proceedings",28,10.1109/PACIFICVIS.2010.5429603,"https://www.scopus.com/inward/record.uri?eid=2-s2.0-77951675376&doi=10.1109%2fPACIFICVIS.2010.5429603&partnerID=40&md5=99c69828cfe3d6c15e41c1d36c25d887",Conference Paper,Scopus
"Yan S., Max N., Ma K.-L.","Polygonal surface advection applied to strange attractors",2010,"Computer Graphics Forum",1,10.1111/j.1467-8659.2010.01817.x,"https://www.scopus.com/inward/record.uri?eid=2-s2.0-78249251144&doi=10.1111%2fj.1467-8659.2010.01817.x&partnerID=40&md5=8b42e8c4eb854d6813c0ec55e37eed4b",Article,Scopus
"Tikhonova A., Correa C.D., Ma K.-L.","An exploratory technique for coherent visualization of time-varying volume data",2010,"Computer Graphics Forum",20,10.1111/j.1467-8659.2009.01690.x,"https://www.scopus.com/inward/record.uri?eid=2-s2.0-77955756830&doi=10.1111%2fj.1467-8659.2009.01690.x&partnerID=40&md5=2b7219fccf8fafdc71a6961245e448b2",Article,Scopus
"Peterka T., Yu H., Ross R., Ma K.-L., Latham R.","End-to-end study of parallel volume rendering on the IBM blue Gene/p",2009,"Proceedings of the International Conference on Parallel Processing",20,10.1109/ICPP.2009.27,"https://www.scopus.com/inward/record.uri?eid=2-s2.0-77951496395&doi=10.1109%2fICPP.2009.27&partnerID=40&md5=63829c2a814b39752055d94ddfadc53a",Conference Paper,Scopus
"Peterka T., Ross R.B., Shen H.-W., Ma K.-L., Kendall W., Yu H.","Parallel visualization on leadership computing resources",2009,"Journal of Physics: Conference Series",4,10.1088/1742-6596/180/1/012088,"https://www.scopus.com/inward/record.uri?eid=2-s2.0-77957094479&doi=10.1088%2f1742-6596%2f180%2f1%2f012088&partnerID=40&md5=5444bb369709f4bb93fff1be8cbb4451",Conference Paper,Scopus
"Max N., Correa C., Muelder C., Yan S., Chen C.-K., Ma K.-L.","Flow visualization in science and mathematics",2009,"Journal of Physics: Conference Series",4,10.1088/1742-6596/180/1/012087,"https://www.scopus.com/inward/record.uri?eid=2-s2.0-77957056644&doi=10.1088%2f1742-6596%2f180%2f1%2f012087&partnerID=40&md5=c1e08ec28f9f3ef93fa654b52bd363a4",Conference Paper,Scopus
"Ma K.-L.","In situ visualization at extreme scale: Challenges and opportunities",2009,"IEEE Computer Graphics and Applications",60,10.1109/MCG.2009.120,"https://www.scopus.com/inward/record.uri?eid=2-s2.0-70449514481&doi=10.1109%2fMCG.2009.120&partnerID=40&md5=de2af2419d155aac865bae46dfa9721e",Article,Scopus
"Ma K.-L., Möller T., Pfister H., Carpendale S., Fekete J.-D.","IEEE Transactions on Visualization and Computer Graphics: Preface",2009,"IEEE Transactions on Visualization and Computer Graphics",,10.1109/TVCG.2009.193,"https://www.scopus.com/inward/record.uri?eid=2-s2.0-77957886236&doi=10.1109%2fTVCG.2009.193&partnerID=40&md5=0d15e3ee005a6207aaafab8612066079",Editorial,Scopus
"Crnovrsanin T., Correa C.D., Ma K.-L.","Social network discovery based on sensitivity analysis",2009,"Proceedings of the 2009 International Conference on Advances in Social Network Analysis and Mining, ASONAM 2009",6,10.1109/ASONAM.2009.56,"https://www.scopus.com/inward/record.uri?eid=2-s2.0-70349843487&doi=10.1109%2fASONAM.2009.56&partnerID=40&md5=870b0ca348ac3b02c05047cd5bbfc99e",Conference Paper,Scopus
"Chen J.H., Choudhary A., De Supinski B., Devries M., Hawkes E.R., Klasky S., Liao W.K., Ma K.L., Mellor-Crummey J., Podhorszki N., Sankaran R., Shende S., Yoo C.S.","Terascale direct numerical simulations of turbulent combustion using S3D",2009,"Computational Science and Discovery",263,10.1088/1749-4699/2/1/015001,"https://www.scopus.com/inward/record.uri?eid=2-s2.0-67650695660&doi=10.1088%2f1749-4699%2f2%2f1%2f015001&partnerID=40&md5=1a32599b03dbc4647c1f5fb4d337f637",Article,Scopus
"Muelder C., Ma K.-L.","Interactive feature extraction and tracking by utilizing region coherency",2009,"IEEE Pacific Visualization Symposium, PacificVis 2009 - Proceedings",22,10.1109/PACIFICVIS.2009.4906833,"https://www.scopus.com/inward/record.uri?eid=2-s2.0-67650556952&doi=10.1109%2fPACIFICVIS.2009.4906833&partnerID=40&md5=4fe1c4777c9b1980b318e5690a484e73",Conference Paper,Scopus
"Itoh T., Muelder C., Ma K.-L., Sese J.","A hybrid space-filling and force-directed layout method for visualizing multiple-category graphs",2009,"IEEE Pacific Visualization Symposium, PacificVis 2009 - Proceedings",32,10.1109/PACIFICVIS.2009.4906846,"https://www.scopus.com/inward/record.uri?eid=2-s2.0-67650542301&doi=10.1109%2fPACIFICVIS.2009.4906846&partnerID=40&md5=e67f8f8708a996fbc31e45d3ca1b6a9e",Conference Paper,Scopus
"Sukharev J., Wang C., Ma K.-L., Wittenberg A.T.","Correlation study of time-varying multivariate climate data sets",2009,"IEEE Pacific Visualization Symposium, PacificVis 2009 - Proceedings",18,10.1109/PACIFICVIS.2009.4906852,"https://www.scopus.com/inward/record.uri?eid=2-s2.0-67650539557&doi=10.1109%2fPACIFICVIS.2009.4906852&partnerID=40&md5=6b5e23ad583289be1bfaf2bc4d5e35c6",Conference Paper,Scopus
"Peterka T., Ross R., Yu H., Ma K.-L., Kooima R., Girado J.","Autostereoscopic display of large-scale scientific visualization",2009,"Proceedings of SPIE - The International Society for Optical Engineering",3,10.1117/12.805422,"https://www.scopus.com/inward/record.uri?eid=2-s2.0-63549127511&doi=10.1117%2f12.805422&partnerID=40&md5=eb518a6116aeb71c5086ceb7a44929bc",Conference Paper,Scopus
"Ma K.-L.","Visualizing ultra-scale data",2008,"SIGGRAPH'08: ACM SIGGRAPH Talks 2008",,10.1145/1401032.1401098,"https://www.scopus.com/inward/record.uri?eid=2-s2.0-65249113747&doi=10.1145%2f1401032.1401098&partnerID=40&md5=e2d5a0d29b99955b10e58db2cad154cf",Conference Paper,Scopus
"Wang C., Ma K.-L.","Information and knowledge assisted analysis and visualization of large-scale data",2008,"2008 Workshop on Ultrascale Visualization, UltraVis 2008",4,10.1109/ULTRAVIS.2008.5154057,"https://www.scopus.com/inward/record.uri?eid=2-s2.0-70350367386&doi=10.1109%2fULTRAVIS.2008.5154057&partnerID=40&md5=8f697a90da8ee38f01fc8b613fb405f3",Conference Paper,Scopus
"Ma K.-L., Painter J.S., Hansen C.D., Krogh M.F.","Parallel volume rendering using binary-swap image composition",2008,"ACM SIGGRAPH ASIA 2008 Courses, SIGGRAPH Asia'08",,10.1145/1508044.1508082,"https://www.scopus.com/inward/record.uri?eid=2-s2.0-67649855142&doi=10.1145%2f1508044.1508082&partnerID=40&md5=c8ec3917f03a5b25b26bbfb5411fe0a4",Conference Paper,Scopus
"Yu H., Wang C., Ma K.-L.","Massively parallel volume rendering using 2-3 swap image compositing",2008,"2008 SC - International Conference for High Performance Computing, Networking, Storage and Analysis, SC 2008",37,10.1109/SC.2008.5219060,"https://www.scopus.com/inward/record.uri?eid=2-s2.0-70350752445&doi=10.1109%2fSC.2008.5219060&partnerID=40&md5=125f1c5d4d8a6ab1bf757d7444caa824",Conference Paper,Scopus
"Yu H., Wang C., Ma K.-L.","Massively parallel volume rendering using 2-3 swap image compositing",2008,"ACM SIGGRAPH ASIA 2008 Courses, SIGGRAPH Asia'08",4,10.1145/1508044.1508084,"https://www.scopus.com/inward/record.uri?eid=2-s2.0-67649887327&doi=10.1145%2f1508044.1508084&partnerID=40&md5=b6a65a9f50b45d8e6ec7904bb37ef2e6",Conference Paper,Scopus
"Chen C.-K., Thomason R., Ma K.-L.","Intelligent focus+context volume visualization",2008,"Proceedings - 8th International Conference on Intelligent Systems Design and Applications, ISDA 2008",2,10.1109/ISDA.2008.232,"https://www.scopus.com/inward/record.uri?eid=2-s2.0-67449161857&doi=10.1109%2fISDA.2008.232&partnerID=40&md5=92c5751c6c136192f95f44051a07c270",Conference Paper,Scopus
"Muelder C., Chen L., Thomason R., Ma K.-L., Bartoletti T.","Intelligent classification and visualization of network scans",2008,"VizSEC 2007 - Proceedings of the Workshop on Visualization for Computer Security",3,,"https://www.scopus.com/inward/record.uri?eid=2-s2.0-84890908426&partnerID=40&md5=aa5da457f81970cfbb1f0ac97f9347be",Conference Paper,Scopus
"Peterka T., Ross R., Yu H., Ma K.-L., Kendall W., Huang J.","Assessing improvements to the parallel volume rendering pipeline at large scale",2008,"2008 Workshop on Ultrascale Visualization, UltraVis 2008",7,10.1109/ULTRAVIS.2008.5154059,"https://www.scopus.com/inward/record.uri?eid=2-s2.0-70350766689&doi=10.1109%2fULTRAVIS.2008.5154059&partnerID=40&md5=1f2d3e3703f27e1a0d2e01a20141348b",Conference Paper,Scopus
"Ross R.B., Peterka T., Shen H.-W., Hong Y., Ma K.-L., Yu H., Moreland K.","Visualization and parallel I/O at extreme scale",2008,"Journal of Physics: Conference Series",19,10.1088/1742-6596/125/1/012099,"https://www.scopus.com/inward/record.uri?eid=2-s2.0-65549159997&doi=10.1088%2f1742-6596%2f125%2f1%2f012099&partnerID=40&md5=c33f73d8f4d2172a999da2defc3f3f60",Article,Scopus
"Correa C.D., Crnovrsanin T., Muelder C., Shen Z., Armstrong R., Shearer J., Ma K.-L.","Cell phone mini challenge award: Intuitive social network graphs visual analytics of cell phone data using MobiVis and OntoVis",2008,"VAST'08 - IEEE Symposium on Visual Analytics Science and Technology, Proceedings",5,10.1109/VAST.2008.4677391,"https://www.scopus.com/inward/record.uri?eid=2-s2.0-77949862106&doi=10.1109%2fVAST.2008.4677391&partnerID=40&md5=0ea0cbb37e5ad0e4ecc9396d7d62c462",Conference Paper,Scopus
"Shearer J., Ma K.-L., Kohlenberg T.","BGPeep: An IP-space centered view for internet routing data",2008,"Lecture Notes in Computer Science (including subseries Lecture Notes in Artificial Intelligence and Lecture Notes in Bioinformatics)",7,10.1007/978-3-540-85933-8_10,"https://www.scopus.com/inward/record.uri?eid=2-s2.0-56449108142&doi=10.1007%2f978-3-540-85933-8_10&partnerID=40&md5=3f36e375625efb5d26124186f2f2e266",Conference Paper,Scopus
"Wang C., Yu H., Ma K.-L.","Importance-driven time-varying data visualization",2008,"IEEE Transactions on Visualization and Computer Graphics",76,10.1109/TVCG.2008.140,"https://www.scopus.com/inward/record.uri?eid=2-s2.0-54949087849&doi=10.1109%2fTVCG.2008.140&partnerID=40&md5=1280cc1bf5cd648287adac05589ed656",Conference Paper,Scopus
"Shearer J., Ogawa M., Ma K.-L., Kohlenberg T.","Pixelplexing: Gaining display resolution through time",2008,"IEEE Pacific Visualisation Symposium 2008, PacificVis - Proceedings",4,10.1109/PACIFICVIS.2008.4475472,"https://www.scopus.com/inward/record.uri?eid=2-s2.0-49749126039&doi=10.1109%2fPACIFICVIS.2008.4475472&partnerID=40&md5=34bae66405efdf4a6a15c6a2ad868330",Conference Paper,Scopus
"Fujishiro I., Li H., Ma K.-L.","A message from the program chairs",2008,"IEEE Pacific Visualisation Symposium 2008, PacificVis - Proceedings",,10.1109/PACIFICVIS.2008.4475443,"https://www.scopus.com/inward/record.uri?eid=2-s2.0-49749147567&doi=10.1109%2fPACIFICVIS.2008.4475443&partnerID=40&md5=856bb7c5713b70db8451b40d7807b344",Editorial,Scopus
"Jones C., Ma K.-L., Ethier S., Lee W.-L.","An integrated exploration approach to visualizing multivariate particle data",2008,"Computing in Science and Engineering",10,10.1109/MCSE.2008.88,"https://www.scopus.com/inward/record.uri?eid=2-s2.0-46749133181&doi=10.1109%2fMCSE.2008.88&partnerID=40&md5=3e28776c123929839e04ab6db138e4a8",Article,Scopus
"Ma K.-L.","Visualizing extreme-scale data",2008,"Proceedings of SPIE - The International Society for Optical Engineering",,10.1117/12.786401,"https://www.scopus.com/inward/record.uri?eid=2-s2.0-43249101397&doi=10.1117%2f12.786401&partnerID=40&md5=47bd36a67c7cb0b6deab1dc80251e28d",Conference Paper,Scopus
"Muelder C., Chen L., Thomason R., Ma K.-L., Bartoletti T.","Intelligent classification and visualization of network scans",2008,"Mathematics and Visualization",,10.1007/978-3-540-78243-8_16,"https://www.scopus.com/inward/record.uri?eid=2-s2.0-84898879992&doi=10.1007%2f978-3-540-78243-8_16&partnerID=40&md5=c06c0b99bfbe7e55176ee4df38a575b4",Conference Paper,Scopus
"Yu H., Wang C., Ma K.-L.","Parallel hierarchical visualization of large time-varying 3D vector fields",2007,"Proceedings of the 2007 ACM/IEEE Conference on Supercomputing, SC'07",38,10.1145/1362622.1362655,"https://www.scopus.com/inward/record.uri?eid=2-s2.0-56749160534&doi=10.1145%2f1362622.1362655&partnerID=40&md5=93d56216b2b6450b1f70079f2e121445",Conference Paper,Scopus
"Ma K.-L.","Machine learning to boost the next generation of visualization technology",2007,"IEEE Computer Graphics and Applications",23,10.1109/MCG.2007.129,"https://www.scopus.com/inward/record.uri?eid=2-s2.0-34548782181&doi=10.1109%2fMCG.2007.129&partnerID=40&md5=40cc5c53cdeca2aac0f182ac9e365209",Article,Scopus
"Li Y., Yu J., Ma K.-L., Shi J.","3D paper-cut modeling and animation",2007,"Computer Animation and Virtual Worlds",15,10.1002/cav.188,"https://www.scopus.com/inward/record.uri?eid=2-s2.0-35349016941&doi=10.1002%2fcav.188&partnerID=40&md5=4f67e1c38908b44b563a3fec083352f6",Conference Paper,Scopus
"Muelder C., Ma K.-L.","Visualization of sanitized email logs for spam analysis",2007,"Asia-Pacific Symposium on Visualisation 2007, APVIS 2007, Proceedings",5,10.1109/APVIS.2007.329303,"https://www.scopus.com/inward/record.uri?eid=2-s2.0-34547360683&doi=10.1109%2fAPVIS.2007.329303&partnerID=40&md5=68ab6f6d0a10b42614008426765506c4",Conference Paper,Scopus
"Hong S.-H., Ma K.-L.","A message from the program committee chairs",2007,"Asia-Pacific Symposium on Visualisation 2007, APVIS 2007, Proceedings",,10.1109/APVIS.2007.329297,"https://www.scopus.com/inward/record.uri?eid=2-s2.0-34547256520&doi=10.1109%2fAPVIS.2007.329297&partnerID=40&md5=b32b330a26a41a4d15d3c22b9d6d4463",Editorial,Scopus
"Jones C., Ma K.-L., Sanderson A., Myers Jr. L.R.","Visual interrogation of gyrokinetic particle simulations",2007,"Journal of Physics: Conference Series",7,10.1088/1742-6596/78/1/012033,"https://www.scopus.com/inward/record.uri?eid=2-s2.0-36048988661&doi=10.1088%2f1742-6596%2f78%2f1%2f012033&partnerID=40&md5=aad03c242844dfada3d20ef5182e0acd",Article,Scopus
"Ma K.-L., Ross R., Huang J., Humphreys G., Max N., Moreland K., Owens J.D., Shen H.-W.","Ultra-scale visualization: Research and education",2007,"Journal of Physics: Conference Series",7,10.1088/1742-6596/78/1/012088,"https://www.scopus.com/inward/record.uri?eid=2-s2.0-36048993038&doi=10.1088%2f1742-6596%2f78%2f1%2f012088&partnerID=40&md5=10b8c8a7a84599a854019508ecc3f45e",Article,Scopus
"Lee L.-Q., Akcelik V., Chen S., Ge L., Prudencio E., Schussman G., Uplenchwar R., Ng C., Ko K., Luo X., Shephard M., Ng E., Li X., Yang C., Husbands P., Pinar A., Bailey D., Gunter D., Diachin L., Brown D., Quinlan D., Vuduc R., Shephard M., Luo X., Brewer A., Knupp P., Devine K., Boman E., Kraftcheck J., Ghattas O., Keyes D., Ma K., Bai Z., Liao B., Tautges T., Barrett R.","Enabling technologies for petascale electromagnetic accelerator simulation",2007,"Journal of Physics: Conference Series",5,10.1088/1742-6596/78/1/012040,"https://www.scopus.com/inward/record.uri?eid=2-s2.0-36048988660&doi=10.1088%2f1742-6596%2f78%2f1%2f012040&partnerID=40&md5=374d651656383ce5cd5b4ef0c6bfd4d5",Article,Scopus
"Shen Z., Ogawa M., Teoh S.T., Ma K.-L.","BiblioViz: A system for visualizing bibliography information",2006,"Conferences in Research and Practice in Information Technology Series",25,,"https://www.scopus.com/inward/record.uri?eid=2-s2.0-84883327691&partnerID=40&md5=06265633bc992a62354312fb8d3c46ea",Conference Paper,Scopus
"Ahrens J., Childs H., Clyne J., Bethel W., Huang J., Klasky S., Ma K.-L., Moreland K., Papka M., Pascucci V., Shen H.-W., Silver D.","Workshop on ultra-scale visualization",2006,"Proceedings of the 2006 ACM/IEEE Conference on Supercomputing, SC'06",,10.1145/1188455.1188700,"https://www.scopus.com/inward/record.uri?eid=2-s2.0-34548277574&doi=10.1145%2f1188455.1188700&partnerID=40&md5=47345f31e5cbf8f39a318980131cf7eb",Conference Paper,Scopus
"Tu T., Yu H., Bielak J., Ghattas O., Lopez J.C., Ma K.-L., O'Hallaron D.R., Ramirez-Guzman L., Stone N., Taborda-Rios R., Urbanic J.","Remote runtime steering of integrated terascale simulation and visualization",2006,"Proceedings of the 2006 ACM/IEEE Conference on Supercomputing, SC'06",12,10.1145/1188455.1188767,"https://www.scopus.com/inward/record.uri?eid=2-s2.0-34548251933&doi=10.1145%2f1188455.1188767&partnerID=40&md5=00cd53cd09b9d60fa7584641120b5642",Conference Paper,Scopus
"Shen Z., Ma K.-L., Eliassi-Rad T.","Visual analysis of large heterogeneous social networks by semantic and structural abstraction",2006,"IEEE Transactions on Visualization and Computer Graphics",95,10.1109/TVCG.2006.107,"https://www.scopus.com/inward/record.uri?eid=2-s2.0-33749535541&doi=10.1109%2fTVCG.2006.107&partnerID=40&md5=beaa2815d97be13817235872cad1b349",Article,Scopus
"Ahrens J., Heitmann K., Habib S., Ankeny L., McCormick P., Inman J., Armstrong R., Ma K.-L.","Quantitative and comparative visualization applied to cosmological simulations",2006,"Journal of Physics: Conference Series",11,10.1088/1742-6596/46/1/073,"https://www.scopus.com/inward/record.uri?eid=2-s2.0-33749052679&doi=10.1088%2f1742-6596%2f46%2f1%2f073&partnerID=40&md5=d2ec3476239f215f2ae936ea0d7cb1ab",Conference Paper,Scopus
"Lum E.B., Shearer J., Ma K.-L.","Interactive multi-scale exploration for volume classification",2006,"Visual Computer",14,10.1007/s00371-006-0049-8,"https://www.scopus.com/inward/record.uri?eid=2-s2.0-33748573325&doi=10.1007%2fs00371-006-0049-8&partnerID=40&md5=2eaa8a23d381fb027e6d1b05fa5b6f11",Article,Scopus
"Muelder C., Ma K.-L., Bartoletti T.","Interactive visualization for network and port scan detection",2006,"Lecture Notes in Computer Science (including subseries Lecture Notes in Artificial Intelligence and Lecture Notes in Bioinformatics)",23,10.1007/11663812_14,"https://www.scopus.com/inward/record.uri?eid=2-s2.0-33745653877&doi=10.1007%2f11663812_14&partnerID=40&md5=6458e6834c47cdfa04dff0370367c2c4",Conference Paper,Scopus
"Lewis D., Haroz S., Ma K.-L.","Layout of multiple views for volume visualization: A user study",2006,"Lecture Notes in Computer Science (including subseries Lecture Notes in Artificial Intelligence and Lecture Notes in Bioinformatics)",,,"https://www.scopus.com/inward/record.uri?eid=2-s2.0-33845405259&partnerID=40&md5=c1559fcd3120a6ff395b6b6e62040183",Conference Paper,Scopus
"Tzeng F.-Y., Ma K.-L.","Opening the black box -Data driven visualization of neural networks",2005,"Proceedings of the IEEE Visualization Conference",22,10.1109/VIS.2005.73,"https://www.scopus.com/inward/record.uri?eid=2-s2.0-33749429989&doi=10.1109%2fVIS.2005.73&partnerID=40&md5=fad832cd08f9dd600454b18074c6f528",Conference Paper,Scopus
"Tzeng F.-Y., Ma K.-L.","Intelligent feature extraction and tracking for visualizing large-scale 4P flow simulations",2005,"Proceedings of the ACM/IEEE 2005 Supercomputing Conference, SC'05",35,10.1109/SC.2005.37,"https://www.scopus.com/inward/record.uri?eid=2-s2.0-33845412386&doi=10.1109%2fSC.2005.37&partnerID=40&md5=16b8e3366df8bb38b9618ad56b28e2d1",Conference Paper,Scopus
"Huang R., Ma K.-L.","A three-level graph based interactive volume segmentation system",2005,"Lecture Notes in Computer Science (including subseries Lecture Notes in Artificial Intelligence and Lecture Notes in Bioinformatics)",,,"https://www.scopus.com/inward/record.uri?eid=2-s2.0-33744793768&partnerID=40&md5=05d60625fecd076d47f8c57ec0574698",Conference Paper,Scopus
"Ma K.-L., Lum E.B.","Techniques for visualizing time-varying volume data",2005,"Visualization Handbook",5,10.1016/B978-012387582-2/50028-9,"https://www.scopus.com/inward/record.uri?eid=2-s2.0-34248506864&doi=10.1016%2fB978-012387582-2%2f50028-9&partnerID=40&md5=9f8c1a6448c3ec12a90e589e14ced61e",Book Chapter,Scopus
"Teoh S.T., Ma K.-L.","Hifocon: Object and dimensional coherence and correlation in multidimensional visualization",2005,"Lecture Notes in Computer Science (including subseries Lecture Notes in Artificial Intelligence and Lecture Notes in Bioinformatics)",6,10.1007/11595755_29,"https://www.scopus.com/inward/record.uri?eid=2-s2.0-33744828715&doi=10.1007%2f11595755_29&partnerID=40&md5=bfbc2a108efd5d3845b6f22445cd047b",Conference Paper,Scopus
"Fout N., Ma K.-L., Ahrens J.","Time-varying multivariate volume data reduction",2005,"Proceedings of the ACM Symposium on Applied Computing",16,10.1145/1066677.1066953,"https://www.scopus.com/inward/record.uri?eid=2-s2.0-33644530969&doi=10.1145%2f1066677.1066953&partnerID=40&md5=19970f21a61742adc770911b48af8c91",Conference Paper,Scopus
"McPherson J., Ma K.-L., Ogawa M.","Discovering parametric clusters in social small-world graphs",2005,"Proceedings of the ACM Symposium on Applied Computing",7,10.1145/1066677.1066954,"https://www.scopus.com/inward/record.uri?eid=2-s2.0-33644608756&doi=10.1145%2f1066677.1066954&partnerID=40&md5=e37429a15cb60197bed45a7f426bc9dc",Conference Paper,Scopus
"Akiba H., Ma K.-L., Clyne J.","End-to-end data reduction and hardware accelerated rendering techniques for visualizing time-varying non-uniform grid volume data",2005,"Volume Graphics 2005 Eurographics/IEEE VGTC Workshop Proceedings - Fourth International Workshop on Volume Graphics",8,,"https://www.scopus.com/inward/record.uri?eid=2-s2.0-33745266397&partnerID=40&md5=d55abee8719a4ba62b8a7417415f60e9",Conference Paper,Scopus
"Ma K.-L., Schussman G., Wilson B.","Visualization for computational accelerator physics",2005,"Visualization Handbook",,10.1016/B978-012387582-2/50049-6,"https://www.scopus.com/inward/record.uri?eid=2-s2.0-84882862352&doi=10.1016%2fB978-012387582-2%2f50049-6&partnerID=40&md5=3a99a62064da91689ed651a72a9e46b5",Book Chapter,Scopus
"Bartz D., Hagen H., Interrante V., Ma K.-L., Preim B.","Illustrative rendering techniques for visualization: Future of visualization or just another technique?",2005,"Proceedings of the IEEE Visualization Conference",,10.1109/VIS.2005.56,"https://www.scopus.com/inward/record.uri?eid=2-s2.0-33749438754&doi=10.1109%2fVIS.2005.56&partnerID=40&md5=b3f2eb4ddd1dd3493628124a17eeb6ce",Conference Paper,Scopus
"Lum E.B., Ma K.-L.","Expressive line selection by example",2005,"Visual Computer",6,10.1007/s00371-005-0342-y,"https://www.scopus.com/inward/record.uri?eid=2-s2.0-24944445450&doi=10.1007%2fs00371-005-0342-y&partnerID=40&md5=3403a545a02257027968e1e339d207e4",Conference Paper,Scopus
"Tzeng F.-Y., Lum E.B., Ma K.-L.","An intelligent system approach to higher-dimensional classification of volume data",2005,"IEEE Transactions on Visualization and Computer Graphics",96,10.1109/TVCG.2005.38,"https://www.scopus.com/inward/record.uri?eid=2-s2.0-17444421585&doi=10.1109%2fTVCG.2005.38&partnerID=40&md5=69a6873d511b9f0ca38acea49f260e5d",Article,Scopus
"Hanrahan P., Ma K.-L.","Teaching visualization",2005,"Computer Graphics (ACM)",3,10.1145/1057792.1057798,"https://www.scopus.com/inward/record.uri?eid=2-s2.0-30444456251&doi=10.1145%2f1057792.1057798&partnerID=40&md5=4da3d023613c3faf4cf1dc7174b3edf7",Review,Scopus
"Ryne R., Abell D., Adelmann A., Amundson J., Bohn C., Cary J., Colella P., Dechow D., Decyk V., Dragt A., Gerber R., Habib S., Higdon D., Katsouleas T., Ma K.-L., McCorquodale P., Mihalcea D., Mitchell C., Mori W., Mottershead C.T., Neri F., Pogorelov I., Qiang J., Samulyak R., Serafini D., Shalf J., Siegerist C., Spentzouris P., Stoltz P., Terzic B., Venturini M., Walstrom P.","SciDAC advances and applications in computational beam dynamics",2005,"Journal of Physics: Conference Series",1,10.1088/1742-6596/16/1/028,"https://www.scopus.com/inward/record.uri?eid=2-s2.0-24344435918&doi=10.1088%2f1742-6596%2f16%2f1%2f028&partnerID=40&md5=25710a9944199ee63e7b13017c3dd602",Conference Paper,Scopus
"Lum E.B., Ma K.-L.","Lighting transfer functions using gradient aligned sampling",2004,"IEEE Visualization 2004 - Proceedings, VIS 2004",55,,"https://www.scopus.com/inward/record.uri?eid=2-s2.0-17044391350&partnerID=40&md5=7c584189d41e34cbc2cb12cbc8e238f4",Conference Paper,Scopus
"Yu H., Ma K.-L., Welling J.","A parallel visualization pipeline for terascale earthquake simulations",2004,"IEEE/ACM SC2004 Conference, Proceedings",17,,"https://www.scopus.com/inward/record.uri?eid=2-s2.0-23944520105&partnerID=40&md5=5f2f1fe25f47bb9f8bc3bdc4be411042",Conference Paper,Scopus
"McPherson J., Ma K.-L., Krystosk P., Bartoletti T., Christensen M.","PortVis: A tool for port-based detection of security events",2004,"VizSEC/DMSEC '04: Proceedings of the 2004 ACM Workshop on Visualization and Data Mining for Computer Security",128,,"https://www.scopus.com/inward/record.uri?eid=2-s2.0-20444495766&partnerID=40&md5=6350ee3bb836fed45fd5a390657d30f8",Conference Paper,Scopus
"Teoh S.T., Zhang K., Tseng S.-M., Ma K.-L., Wu S.F.","Combining visual and automated data mining for near-real-time anomaly detection and analysis in BGP",2004,"VizSEC/DMSEC '04: Proceedings of the 2004 ACM Workshop on Visualization and Data Mining for Computer Security",37,,"https://www.scopus.com/inward/record.uri?eid=2-s2.0-13944272563&partnerID=40&md5=8533016de05327cb8b2a5806b403560d",Conference Paper,Scopus
"Teoh S.T., Ma K.-L., Wu S.F., Jankun-Kelly T.J.","Detecting flaws and intruders with visual data analysis",2004,"IEEE Computer Graphics and Applications",43,10.1109/MCG.2004.26,"https://www.scopus.com/inward/record.uri?eid=2-s2.0-4644354461&doi=10.1109%2fMCG.2004.26&partnerID=40&md5=21cdf819619b560729d237eba5d23910",Article,Scopus
"Teoh S.T., Ma K.-L.","PaintingClass: Interactive construction, visualization and exploration of decision trees",2003,"Proceedings of the ACM SIGKDD International Conference on Knowledge Discovery and Data Mining",27,10.1145/956750.956837,"https://www.scopus.com/inward/record.uri?eid=2-s2.0-70349820456&doi=10.1145%2f956750.956837&partnerID=40&md5=00ec6337effcc58ef821d863b2d23aee",Conference Paper,Scopus
"Ogata M., Muraki S., Liu X., Ma K.-L.","The design and evaluation of a pipelined image compositing device for massively parallel volume rendering",2003,"ACM International Conference Proceeding Series",5,10.1145/827051.827060,"https://www.scopus.com/inward/record.uri?eid=2-s2.0-77953770095&doi=10.1145%2f827051.827060&partnerID=40&md5=9b97903f0c0bc9e8cb30dbb593e8a5f4",Conference Paper,Scopus
"Rosa G.G., Lum E.B., Ma K.-L., Ono K.","An interactive volume visualization system for transient flow analysis",2003,"Volume Graphics 2003, Third Intenational Workshop on Volume Graphics",1,,"https://www.scopus.com/inward/record.uri?eid=2-s2.0-3543124245&partnerID=40&md5=d6ca4f6cb6fced06205dba1a246b2e2d",Conference Paper,Scopus
"Rosa G.G., Lum E.B., Ma K.-L., Ono K.","An interactive volume visualization system for transient flow analysis",2003,"ACM International Conference Proceeding Series",2,10.1145/827051.827072,"https://www.scopus.com/inward/record.uri?eid=2-s2.0-77953739190&doi=10.1145%2f827051.827072&partnerID=40&md5=65b4ab03c4f2bddaf5f77bbf6796d727",Conference Paper,Scopus
"Ma K.-L., Stompel A., Bielak J., Ghattas O., Kim E.J.","Visualizing very large-scale earthquake simulations",2003,"Proceedings of the 2003 ACM/IEEE Conference on Supercomputing, SC 2003",12,10.1145/1048935.1050198,"https://www.scopus.com/inward/record.uri?eid=2-s2.0-84877086727&doi=10.1145%2f1048935.1050198&partnerID=40&md5=2970a194b99774059559acfae4fc522f",Conference Paper,Scopus
"Ma K.-L., Lum E.B., Muraki S.","Recent advances in hardware-accelerated volume rendering",2003,"Computers and Graphics (Pergamon)",8,10.1016/S0097-8493(03)00146-8,"https://www.scopus.com/inward/record.uri?eid=2-s2.0-0142180135&doi=10.1016%2fS0097-8493%2803%2900146-8&partnerID=40&md5=1bb77d4702135947a82e4a0765ed900b",Article,Scopus
"Ma K.-L.","Visualizing time-varying volume data",2003,"Computing in Science and Engineering",30,10.1109/MCISE.2003.1182960,"https://www.scopus.com/inward/record.uri?eid=2-s2.0-0037334995&doi=10.1109%2fMCISE.2003.1182960&partnerID=40&md5=b3c011f7f4586d0b32382bd75a817dcf",Review,Scopus
"Jankun-Kelly T.J., Kreylos O., Ma K.-L., Hamann B., Joy K.I., Shalf J., Bethel E.W.","Deploying web-based visual exploration tools on the grid",2003,"IEEE Computer Graphics and Applications",27,10.1109/MCG.2003.1185579,"https://www.scopus.com/inward/record.uri?eid=2-s2.0-0037341706&doi=10.1109%2fMCG.2003.1185579&partnerID=40&md5=4a91480061f8474ebb1d0d83ea7f4f98",Article,Scopus
"Lum E.B., Ma K.-L.","Hardware-Accelerated Parallel Non-Photorealistic Volume Rendering",2002,"NPAR Symposium on Non-Photorealistic Animation and Rendering",51,,"https://www.scopus.com/inward/record.uri?eid=2-s2.0-1442353281&partnerID=40&md5=3ed69877ef2f2ff3188fdbd385254819",Conference Paper,Scopus
"Lum E.B., Ma K.-L., Clyne J.","A hardware-assisted scalable solution for interactive volume rendering of time-varying data",2002,"IEEE Transactions on Visualization and Computer Graphics",42,10.1109/TVCG.2002.1021580,"https://www.scopus.com/inward/record.uri?eid=2-s2.0-0036648692&doi=10.1109%2fTVCG.2002.1021580&partnerID=40&md5=8bd9ce6c39ab858786d4ed46d6a26423",Conference Paper,Scopus
"Ikuko T., Shigeru M., Lum E.B., Ma K.-L.","An interactive segmentation & visualization technique for multispectral volume data",2002,"Kyokai Joho Imeji Zasshi/Journal of the Institute of Image Information and Television Engineers",1,,"https://www.scopus.com/inward/record.uri?eid=2-s2.0-0036594767&partnerID=40&md5=2933fd8516c5d3cb8e7a3f20849514bd",Article,Scopus
"Teoh S.T., Ma K.-L., Wu S.F., Zhao X.","Case study: Interactive visualization for internet security",2002,"Proceedings of the IEEE Visualization Conference",51,,"https://www.scopus.com/inward/record.uri?eid=2-s2.0-0036448607&partnerID=40&md5=c9b9587043250e8329a212fabbb2948e",Conference Paper,Scopus
"Wilson B., Ma K.-L., McCormick P.S.","A hardware-assisted hybrid rendering technique for interactive volume visualization",2002,"Proceedings - IEEE / ACM SIGGRAPH Symposium on Volume Visualization and Graphics 2002, VolVis 2002",13,10.1109/SWG.2002.1226518,"https://www.scopus.com/inward/record.uri?eid=2-s2.0-84964467837&doi=10.1109%2fSWG.2002.1226518&partnerID=40&md5=c7cd63bc6dc376b0b6866a0e9d0c405d",Conference Paper,Scopus
"Takanashi I., Lum E., Ma K.-L., Meyer J., Hamann B., Olson A.J.","Segmentation and 3d visualization of high-resolution human brain cryosections",2002,"Proceedings of SPIE - The International Society for Optical Engineering",3,10.1117/12.458810,"https://www.scopus.com/inward/record.uri?eid=2-s2.0-0036055730&doi=10.1117%2f12.458810&partnerID=40&md5=6dbca514850ce0128d457cfe283658ee",Article,Scopus
"Ogata M., Kajihara K., Muraki S., Shimokawa K., Ma K.-L., Dohi Y.","A parallel volume-rendering system using multiple-shear composition",2001,"Kyokai Joho Imeji Zasshi/Journal of the Institute of Image Information and Television Engineers",1,,"https://www.scopus.com/inward/record.uri?eid=2-s2.0-0035386918&partnerID=40&md5=57bcbdf7b32a1e7523b283027f7dee52",Article,Scopus
"Meredith J., Ma K.-L.","Multiresolution view-dependent splat based volume rendering of large irregular data",2001,"Proceedings - IEEE 2001 Symposium on Parallel and Large-Data Visualization and Graphics",19,10.1109/PVGS.2001.964409,"https://www.scopus.com/inward/record.uri?eid=2-s2.0-0012232730&doi=10.1109%2fPVGS.2001.964409&partnerID=40&md5=a5910524eb9336d86bff948b8d257e45",Conference Paper,Scopus
"Ma K.-L., Abla G., Lum E.","Layer data organization for visualizing unstructured-grid data",2001,"Proceedings of SPIE - The International Society for Optical Engineering",1,,"https://www.scopus.com/inward/record.uri?eid=2-s2.0-0034876866&partnerID=40&md5=61af5f6fc8a2cd3d6f27898a98393ea7",Article,Scopus
"Lum E.B., Ma K.-L., Clyne J.","Texture hardware assisted rendering of time-varying volume data",2001,"Proceedings of the IEEE Visualization Conference",49,,"https://www.scopus.com/inward/record.uri?eid=2-s2.0-0035168107&partnerID=40&md5=32a82797c79fece3cac9a65ab5006ff2",Conference Paper,Scopus
"Weber G.H., Hagen H., Hamann B., Joy K.I., Ligocki T.J., Ma K.-L., Shalf J.M.","Visualization of adaptive mesh refinement data",2001,"Proceedings of SPIE - The International Society for Optical Engineering",6,10.1117/12.424922,"https://www.scopus.com/inward/record.uri?eid=2-s2.0-0034860705&doi=10.1117%2f12.424922&partnerID=40&md5=796cb15018db24c7fe1ebfd70ff44ba8",Article,Scopus
"Jankun-Kelly T.J., Ma K.-L.","A spreadsheet interface for visualization exploration",2000,"Proceedings of the IEEE Visualization Conference",23,,"https://www.scopus.com/inward/record.uri?eid=2-s2.0-0034449076&partnerID=40&md5=1490b8c88226d04b3ae48a737075f9a4",Conference Paper,Scopus
"Schussman G., Ma K.-L., Schissel D., Evans T.","Visualizing DIII-D Tokamak magnetic field lines",2000,"Proceedings of the IEEE Visualization Conference",8,,"https://www.scopus.com/inward/record.uri?eid=2-s2.0-0034447267&partnerID=40&md5=c9a3a1c1461092e39ae8ab273ba93810",Conference Paper,Scopus
"Ma K.-L.","Visualizing visualizations: User interfaces for managing and exploring scientific visualization data",2000,"IEEE Computer Graphics and Applications",16,10.1109/38.865874,"https://www.scopus.com/inward/record.uri?eid=2-s2.0-0034259287&doi=10.1109%2f38.865874&partnerID=40&md5=428ff848e324cc2ac0cce95be1790cc8",Article,Scopus
"Kao D.L., Ma K.-L.","Life cycle of a visualization case study",2000,"IEEE Computer Graphics and Applications",,10.1109/MCG.2000.865876,"https://www.scopus.com/inward/record.uri?eid=2-s2.0-0034259588&doi=10.1109%2fMCG.2000.865876&partnerID=40&md5=6b600994c4c41f766096b603e0296109",Article,Scopus
"Kuester Falko, Duchaineau Mark A., Hamann Bernd, Joy Ken I., Ma Kwan-Liu","DesignersWorkbench: Towards real-time immersive modeling",2000,"Proceedings of SPIE - The International Society for Optical Engineering",4,,"https://www.scopus.com/inward/record.uri?eid=2-s2.0-0033691102&partnerID=40&md5=df24e9e4226812f7e6a741af59d2798e",Conference Paper,Scopus
"Ma Kwan-Liu","Image graphs - a novel approach to visual data exploration",1999,"Proceedings of the IEEE Visualization Conference",58,,"https://www.scopus.com/inward/record.uri?eid=2-s2.0-0033350952&partnerID=40&md5=cb323e098119e2d98ce8d669cae37c18",Article,Scopus
"Shen Han-Wei, Chiang Ling-Jen, Ma Kwan-Liu","Fast volume rendering algorithm for time-varying fields using a Time-Space Partitioning (TSP) tree",1999,"Proceedings of the IEEE Visualization Conference",96,,"https://www.scopus.com/inward/record.uri?eid=2-s2.0-0033342293&partnerID=40&md5=72b357891329dd487e93bb2f888af25b",Article,Scopus
"Ma K.-L., Crockett T.W.","Parallel visualization of large-scale aerodynamics calculations: A case study on the cray T3E",1999,"Proceedings of the 1999 IEEE Symposium on Parallel Visualization and Graphics, PVGS 1999",13,10.1145/328712.319332,"https://www.scopus.com/inward/record.uri?eid=2-s2.0-85001837906&doi=10.1145%2f328712.319332&partnerID=40&md5=7e7c871549368cb612c2175c7ea3e75d",Conference Paper,Scopus
"Patten James, Ma Kwan-Liu","Graph based interface for representing volume visualization results",1998,"Proceedings - Graphics Interface",1,,"https://www.scopus.com/inward/record.uri?eid=2-s2.0-0032228809&partnerID=40&md5=ffaf4233c0286e4b583fb5db46a4b4dc",Article,Scopus
"Ma Kwan-Liu, Interrante Victoria","Extracting feature lines from 3D unstructured grids",1997,"Proceedings of the IEEE Visualization Conference",22,,"https://www.scopus.com/inward/record.uri?eid=2-s2.0-0031382681&partnerID=40&md5=7fe8405a631c032a0b606694dfa2b5fe",Conference Paper,Scopus
"Ma Kwan-Liu, Crockett Thomas W.","Scalable parallel cell-projection volume rendering algorithm for three-dimensional unstructured data",1997,"Proceedings of the IEEE Symposium on Parallel Rendering, PRS",49,,"https://www.scopus.com/inward/record.uri?eid=2-s2.0-0031373379&partnerID=40&md5=b8c260370e3f2b969e255e9bbf8d7079",Conference Paper,Scopus
"Ueng S.-K., Sikorski C., Ma K.-L.","Out-of-core streamline visualization on large unstructured meshes",1997,"IEEE Transactions on Visualization and Computer Graphics",66,10.1109/2945.646239,"https://www.scopus.com/inward/record.uri?eid=2-s2.0-0031247501&doi=10.1109%2f2945.646239&partnerID=40&md5=8a9d704f52ffd5abab2b956808b9bca5",Article,Scopus
"Ma Kwan-Liu, Van Rosendale John, Vermeer Willem","3D shock wave visualization on unstructured grids",1996,"Proceedings of the Symposium on Volume Visualization",36,,"https://www.scopus.com/inward/record.uri?eid=2-s2.0-0030415097&partnerID=40&md5=067b0852d19bbb7c3ceb00d4ae6bc68c",Conference Paper,Scopus
"Shen Han-Wei, Johnson Christopher R., Ma Kwan-Liu","Visualizing vector fields using line integral convolution and dye advection",1996,"Proceedings of the Symposium on Volume Visualization",46,,"https://www.scopus.com/inward/record.uri?eid=2-s2.0-0030394377&partnerID=40&md5=63fd95c8068f4371ee1296d6d5fdca7a",Conference Paper,Scopus
"Ueng S.-K., Sikorski C., Ma K.-L.","Efficient streamline, streamribbon, and streamtube constructions on unstructured grids",1996,"IEEE Transactions on Visualization and Computer Graphics",44,10.1109/2945.506222,"https://www.scopus.com/inward/record.uri?eid=2-s2.0-0030169487&doi=10.1109%2f2945.506222&partnerID=40&md5=44b8535986d07172935933a35b575361",Article,Scopus
"Ma Kwan-Liu","Parallel volume ray-casting for unstructured-grid data on distributed-memory architectures",1995,"Proc 1995 Parall Rendering Symp",40,,"https://www.scopus.com/inward/record.uri?eid=2-s2.0-0029544349&partnerID=40&md5=50de48975c719f8c1fd3fb592f2223bb",Conference Paper,Scopus
"Ueng S.K., Sikorski K., Ma Kwan-Liu","Fast algorithms for visualizing fluid motion in steady flow on unstructured grids",1995,"Proceedings of the IEEE Visualization Conference",7,,"https://www.scopus.com/inward/record.uri?eid=2-s2.0-0029487213&partnerID=40&md5=39439239c40deea724f077870f980f4f",Conference Paper,Scopus
"Ma Kwan-Liu, Zheng Z.C.","3D visualization of unsteady 2D airplane wake vortices",1994,"Proceedings Visualization",7,,"https://www.scopus.com/inward/record.uri?eid=2-s2.0-0028708864&partnerID=40&md5=5594d35f76e97f60bb5a105ba568cbc5",Conference Paper,Scopus
"Ma K.-L., Painter J.S., Hansen C.D., Krogh M.F.","Parallel Volume Rendering Using Binary-Swap Compositing",1994,"IEEE Computer Graphics and Applications",180,10.1109/38.291532,"https://www.scopus.com/inward/record.uri?eid=2-s2.0-0028464732&doi=10.1109%2f38.291532&partnerID=40&md5=e53d8af33a9e801fbca540bbce2a9b77",Article,Scopus
"Ma Kwan-Liu, Painter James S., Hansen Charles D., Krogh Michael F.","Data distributed, parallel algorithm for ray-traced volume rendering",1993,"Proceedings of the 1993 Parallel Rendering Symposium",40,,"https://www.scopus.com/inward/record.uri?eid=2-s2.0-0027869349&partnerID=40&md5=c435ca6049bb7f02cf542b16450f7c0d",Conference Paper,Scopus
"Ma K.-L., Smith P.J.","Cloud tracing in convection-diffusion systems",1993,"Proceedings of the 4th Conference on Visualization, VIS 1993",8,,"https://www.scopus.com/inward/record.uri?eid=2-s2.0-39649110107&partnerID=40&md5=a7a4b87a4cef2478f3663f6d825666c3",Conference Paper,Scopus
"Ma K.-L., Painter J.S.","Parallel volume visualization on workstations",1993,"Computers and Graphics",7,10.1016/0097-8493(93)90049-F,"https://www.scopus.com/inward/record.uri?eid=2-s2.0-0027230617&doi=10.1016%2f0097-8493%2893%2990049-F&partnerID=40&md5=9f095942e964dab987b6e8b94787491c",Article,Scopus
"Ma K.-L., Sikorski K.","A Distributed 3D Navier-Stokes Solver in Express",1993,"Energy and Fuels",,10.1021/ef00042a028,"https://www.scopus.com/inward/record.uri?eid=2-s2.0-0027697720&doi=10.1021%2fef00042a028&partnerID=40&md5=7f7a63c9c7711ee708d4d8a4142de18e",Article,Scopus
"Sikorski K., Ma K.-L., Smith P.J., Adams B.R.","Distributed Combusion Simulations",1993,"Energy and Fuels",2,10.1021/ef00042a029,"https://www.scopus.com/inward/record.uri?eid=2-s2.0-0027702695&doi=10.1021%2fef00042a029&partnerID=40&md5=a61bc96ab130a80488e91f7ff5755f33",Article,Scopus
"Cohen M.F., Painter J., Mehta M., Ma K.-L.","Volume seedlings",1992,"Proceedings of the Symposium on Interactive 3D Graphics",16,10.1145/147156.147184,"https://www.scopus.com/inward/record.uri?eid=2-s2.0-84953656954&doi=10.1145%2f147156.147184&partnerID=40&md5=a6c143cfa393d33664217009c5b14f6b",Conference Paper,Scopus
"Ma K.‐L., Cohen M.F., Painter J.S.","Volume seeds: A volume exploration technique",1991,"The Journal of Visualization and Computer Animation",12,10.1002/vis.4340020409,"https://www.scopus.com/inward/record.uri?eid=2-s2.0-84995123546&doi=10.1002%2fvis.4340020409&partnerID=40&md5=c0bc27498a788e1b9b4e406a09225bbc",Article,Scopus
"Ma K.‐L., Kessler R.R.","TICL—A type inference system for Common Lisp",1990,"Software: Practice and Experience",5,10.1002/spe.4380200606,"https://www.scopus.com/inward/record.uri?eid=2-s2.0-0025444967&doi=10.1002%2fspe.4380200606&partnerID=40&md5=203ddbeb1e1a82f38da47a10fde61ae3",Article,Scopus
